name,type1,type2,hp,attack,defense,special-attack,special-defense,speed,offensive_index,defensive_index,speed_percentile,physical_special_bias,type_defense_normal,type_defense_fire,type_defense_water,type_defense_grass,type_defense_electric,type_defense_ice,type_defense_fighting,type_defense_poison,type_defense_ground,type_defense_flying,type_defense_psychic,type_defense_bug,type_defense_rock,type_defense_ghost,type_defense_dragon,type_defense_dark,type_defense_steel,type_defense_fairy,cluster,archetype
abomasnow,grass,ice,90,92,75,92,85,60,184,205.0,0.2775700934579439,0.0,1.0,0.25,1.0,1.0,1.0,0.5,1.0,0.5,4.0,1.0,1.0,0.5,2.0,1.0,1.0,1.0,0.25,1.0,1,Defensive Pivot
absol,dark,,65,130,60,75,60,75,205,152.5,0.4616822429906542,0.2682926829268293,1.0,1.0,1.0,1.0,1.0,1.0,0.5,1.0,1.0,1.0,2.0,0.5,1.0,2.0,1.0,0.5,1.0,0.5,3,Generalist
accelgor,bug,,80,70,40,100,60,145,170,140.0,0.9925233644859812,-0.1764705882352941,1.0,0.5,1.0,2.0,1.0,1.0,0.5,0.5,1.0,0.5,2.0,1.0,1.0,0.5,1.0,2.0,0.5,0.5,2,Generalist
aerodactyl,rock,flying,80,105,65,60,75,130,165,180.0,0.966355140186916,0.2727272727272727,1.0,2.0,1.0,2.0,0.5,2.0,1.0,1.0,0.5,2.0,1.0,4.0,0.5,1.0,1.0,1.0,0.25,1.0,9,Defensive Wall
aggron,steel,rock,70,110,180,60,60,50,170,275.0,0.1906542056074766,0.2941176470588235,1.0,1.0,0.5,1.0,0.5,4.0,0.5,1.0,0.5,2.0,1.0,2.0,2.0,1.0,1.0,1.0,0.25,2.0,9,Defensive Wall
alakazam,psychic,,55,50,45,135,95,120,185,167.5,0.9271028037383178,-0.4594594594594595,1.0,1.0,1.0,1.0,1.0,1.0,2.0,2.0,1.0,1.0,0.5,1.0,1.0,1.0,1.0,1.0,0.5,1.0,11,Fast Attacker
alcremie,fairy,,65,60,75,110,121,64,170,228.5,0.3037383177570093,-0.2941176470588235,1.0,0.5,1.0,1.0,1.0,1.0,2.0,1.0,1.0,1.0,1.0,1.0,1.0,1.0,2.0,2.0,0.5,1.0,1,Defensive Pivot
alomomola,water,,165,75,80,40,45,65,115,207.5,0.3289719626168224,0.3043478260869565,1.0,2.0,0.5,0.5,1.0,1.0,1.0,1.0,2.0,1.0,1.0,1.0,2.0,1.0,0.5,1.0,2.0,1.0,4,Balanced All-Rounder
altaria,dragon,flying,75,70,90,70,105,80,140,232.5,0.5214953271028038,0.0,1.0,1.0,1.0,2.0,0.5,1.0,2.0,1.0,1.0,1.0,1.0,2.0,0.5,1.0,2.0,1.0,0.25,1.0,1,Defensive Pivot
ambipom,normal,,75,100,66,60,66,115,160,169.5,0.9009345794392524,0.25,1.0,1.0,1.0,1.0,1.0,1.0,1.0,1.0,1.0,1.0,1.0,1.0,0.5,1.0,1.0,1.0,0.5,1.0,3,Generalist
amoonguss,grass,poison,114,85,70,85,80,30,170,207.0,0.0448598130841121,0.0,1.0,0.5,2.0,1.0,1.0,1.0,1.0,0.25,1.0,0.5,1.0,0.5,1.0,0.5,0.5,1.0,0.5,2.0,7,Balanced All-Rounder
ampharos,electric,,90,75,85,115,90,55,190,220.0,0.2308411214953271,-0.2105263157894736,1.0,1.0,2.0,0.5,0.5,1.0,1.0,1.0,1.0,2.0,1.0,1.0,1.0,1.0,0.5,1.0,1.0,1.0,8,Speed Sweeper
annihilape,fighting,ghost,110,115,80,50,90,90,165,225.0,0.6429906542056075,0.3939393939393939,2.0,1.0,1.0,1.0,1.0,2.0,1.0,0.5,1.0,0.5,1.0,0.5,2.0,2.0,1.0,1.0,1.0,0.5,2,Generalist
appletun,grass,dragon,110,85,80,100,80,30,185,215.0,0.0448598130841121,-0.081081081081081,1.0,0.5,2.0,0.5,1.0,1.0,1.0,0.5,2.0,0.5,1.0,0.5,2.0,1.0,1.0,1.0,0.25,1.0,7,Balanced All-Rounder
araquanid,water,bug,68,70,92,50,132,42,120,258.0,0.1186915887850467,0.1666666666666666,1.0,1.0,0.5,1.0,1.0,1.0,0.5,0.5,2.0,0.5,2.0,1.0,2.0,0.5,0.5,2.0,1.0,0.5,2,Generalist
arbok,poison,,60,95,69,65,79,80,160,178.0,0.5214953271028038,0.1875,1.0,1.0,1.0,2.0,1.0,1.0,1.0,0.5,0.5,1.0,1.0,1.0,0.5,0.5,1.0,1.0,1.0,2.0,3,Generalist
arboliva,grass,normal,78,69,90,125,109,39,194,238.0,0.0943925233644859,-0.2886597938144329,1.0,0.5,2.0,0.5,1.0,1.0,1.0,0.5,2.0,0.5,1.0,0.5,1.0,1.0,0.5,1.0,0.25,1.0,7,Balanced All-Rounder
arcanine,fire,,90,110,80,100,80,95,210,205.0,0.702803738317757,0.0476190476190476,1.0,0.5,0.5,2.0,1.0,2.0,1.0,1.0,1.0,1.0,1.0,2.0,0.5,1.0,0.5,1.0,2.0,1.0,6,Fast Attacker
arceus,normal,,120,120,120,120,120,120,240,300.0,0.9271028037383178,0.0,1.0,1.0,1.0,1.0,1.0,1.0,1.0,1.0,1.0,1.0,1.0,1.0,0.5,1.0,1.0,1.0,0.5,1.0,3,Generalist
archaludon,steel,dragon,90,105,130,125,65,85,230,240.0,0.5841121495327103,-0.0869565217391304,1.0,0.5,0.5,1.0,0.5,2.0,1.0,1.0,1.0,1.0,1.0,1.0,2.0,1.0,2.0,1.0,0.25,2.0,1,Defensive Pivot
archeops,rock,flying,75,140,65,112,65,110,252,167.5,0.8719626168224299,0.1111111111111111,1.0,2.0,1.0,2.0,0.5,2.0,1.0,1.0,0.5,2.0,1.0,4.0,0.5,1.0,1.0,1.0,0.25,1.0,9,Defensive Wall
arctovish,water,ice,90,90,100,80,90,55,170,235.0,0.2308411214953271,0.0588235294117647,1.0,1.0,0.25,1.0,1.0,0.5,1.0,1.0,4.0,2.0,1.0,1.0,2.0,1.0,1.0,1.0,1.0,1.0,10,Balanced All-Rounder
arctozolt,electric,ice,90,100,90,90,80,55,190,215.0,0.2308411214953271,0.0526315789473684,1.0,0.5,1.0,1.0,0.5,0.5,1.0,1.0,2.0,4.0,1.0,1.0,1.0,1.0,1.0,1.0,0.5,1.0,10,Balanced All-Rounder
ariados,bug,poison,70,90,70,60,70,40,150,175.0,0.1065420560747663,0.2,1.0,0.5,1.0,4.0,1.0,1.0,0.5,0.25,0.5,0.5,2.0,1.0,0.5,0.25,1.0,2.0,0.5,1.0,2,Generalist
armaldo,rock,bug,75,125,100,70,80,45,195,217.5,0.1457943925233644,0.282051282051282,1.0,1.0,1.0,2.0,1.0,2.0,0.25,0.5,0.5,1.0,2.0,2.0,1.0,0.5,1.0,2.0,0.25,0.5,3,Generalist
armarouge,fire,psychic,85,60,100,125,80,75,185,222.5,0.4616822429906542,-0.3513513513513513,1.0,0.5,0.5,2.0,1.0,2.0,2.0,2.0,1.0,1.0,0.5,2.0,0.5,1.0,0.5,1.0,1.0,1.0,11,Fast Attacker
aromatisse,fairy,,101,72,72,99,89,29,171,211.5,0.0242990654205607,-0.1578947368421052,1.0,0.5,1.0,1.0,1.0,1.0,2.0,1.0,1.0,1.0,1.0,1.0,1.0,1.0,2.0,2.0,0.5,1.0,1,Defensive Pivot
articuno,ice,flying,90,85,100,95,125,85,180,270.0,0.5841121495327103,-0.0555555555555555,1.0,0.5,0.5,4.0,0.5,0.5,2.0,1.0,2.0,2.0,1.0,2.0,0.5,1.0,2.0,1.0,0.25,1.0,10,Balanced All-Rounder
audino,normal,,103,60,86,60,86,50,120,223.5,0.1906542056074766,0.0,1.0,1.0,1.0,1.0,1.0,1.0,1.0,1.0,1.0,1.0,1.0,1.0,0.5,1.0,1.0,1.0,0.5,1.0,3,Generalist
aurorus,rock,ice,123,77,72,99,92,58,176,225.5,0.2514018691588785,-0.125,1.0,1.0,0.5,2.0,1.0,1.0,0.5,1.0,1.0,4.0,1.0,2.0,1.0,1.0,2.0,1.0,0.25,1.0,10,Balanced All-Rounder
avalugg,ice,,95,117,184,44,46,28,161,277.5,0.0205607476635514,0.453416149068323,1.0,0.5,0.5,2.0,1.0,0.5,1.0,1.0,2.0,2.0,1.0,1.0,1.0,1.0,2.0,1.0,0.5,1.0,10,Balanced All-Rounder
azelf,psychic,,75,125,70,125,70,115,250,177.5,0.9009345794392524,0.0,1.0,1.0,1.0,1.0,1.0,1.0,2.0,2.0,1.0,1.0,0.5,1.0,1.0,1.0,1.0,1.0,0.5,1.0,11,Fast Attacker
azumarill,water,fairy,100,50,80,60,80,50,110,210.0,0.1906542056074766,-0.0909090909090909,1.0,1.0,0.5,0.5,1.0,1.0,2.0,1.0,2.0,1.0,1.0,1.0,2.0,1.0,1.0,2.0,1.0,1.0,0,Generalist
banette,ghost,,64,115,65,83,63,65,198,160.0,0.3289719626168224,0.1616161616161616,1.0,1.0,1.0,1.0,1.0,1.0,1.0,1.0,1.0,1.0,2.0,1.0,1.0,2.0,1.0,0.5,1.0,1.0,3,Generalist
barbaracle,rock,water,72,105,115,54,86,68,159,237.0,0.3663551401869159,0.320754716981132,1.0,4.0,0.5,0.5,1.0,2.0,0.5,1.0,1.0,2.0,1.0,2.0,2.0,1.0,0.5,1.0,1.0,1.0,5,Defensive Wall
barraskewda,water,,61,123,60,60,50,136,183,140.5,0.9822429906542056,0.3442622950819672,1.0,2.0,0.5,0.5,1.0,1.0,1.0,1.0,2.0,1.0,1.0,1.0,2.0,1.0,0.5,1.0,2.0,1.0,4,Balanced All-Rounder
bastiodon,rock,steel,60,52,168,47,138,30,99,336.0,0.0448598130841121,0.0505050505050505,1.0,1.0,0.5,1.0,0.5,4.0,0.5,1.0,0.5,2.0,1.0,2.0,2.0,1.0,1.0,1.0,0.25,2.0,9,Defensive Wall
baxcalibur,dragon,ice,115,145,92,75,86,87,220,235.5,0.611214953271028,0.3181818181818182,1.0,0.5,0.5,2.0,1.0,0.5,1.0,1.0,2.0,2.0,1.0,1.0,1.0,1.0,4.0,1.0,0.25,1.0,10,Balanced All-Rounder
beartic,ice,,95,130,80,70,80,50,200,207.5,0.1906542056074766,0.3,1.0,0.5,0.5,2.0,1.0,0.5,1.0,1.0,2.0,2.0,1.0,1.0,1.0,1.0,2.0,1.0,0.5,1.0,10,Balanced All-Rounder
beautifly,bug,flying,60,70,50,100,50,65,170,130.0,0.3289719626168224,-0.1764705882352941,1.0,0.5,1.0,4.0,0.5,1.0,1.0,0.5,1.0,0.5,2.0,2.0,0.5,0.5,1.0,2.0,0.25,0.5,2,Generalist
beedrill,bug,poison,65,90,40,45,80,75,135,152.5,0.4616822429906542,0.3333333333333333,1.0,0.5,1.0,4.0,1.0,1.0,0.5,0.25,0.5,0.5,2.0,1.0,0.5,0.25,1.0,2.0,0.5,1.0,2,Generalist
beheeyem,psychic,,75,75,75,125,95,40,200,207.5,0.1065420560747663,-0.25,1.0,1.0,1.0,1.0,1.0,1.0,2.0,2.0,1.0,1.0,0.5,1.0,1.0,1.0,1.0,1.0,0.5,1.0,11,Fast Attacker
bellibolt,electric,,109,64,91,103,83,45,167,228.5,0.1457943925233644,-0.2335329341317365,1.0,1.0,2.0,0.5,0.5,1.0,1.0,1.0,1.0,2.0,1.0,1.0,1.0,1.0,0.5,1.0,1.0,1.0,8,Speed Sweeper
bellossom,grass,,75,80,95,90,100,50,170,232.5,0.1906542056074766,-0.0588235294117647,1.0,0.5,2.0,0.5,1.0,1.0,1.0,0.5,2.0,0.5,1.0,0.5,2.0,1.0,0.5,1.0,0.5,1.0,7,Balanced All-Rounder
bewear,normal,fighting,120,125,80,55,60,60,180,200.0,0.2775700934579439,0.3888888888888889,2.0,1.0,1.0,1.0,1.0,2.0,1.0,0.5,1.0,0.5,0.5,0.5,1.0,1.0,1.0,2.0,0.5,0.5,2,Generalist
bibarel,normal,water,79,85,60,55,60,71,140,159.5,0.4289719626168224,0.2142857142857142,1.0,2.0,0.5,0.5,1.0,1.0,1.0,1.0,2.0,1.0,1.0,1.0,1.0,1.0,0.5,1.0,1.0,1.0,0,Generalist
blacephalon,fire,ghost,53,127,53,151,79,107,278,158.5,0.8392523364485981,-0.0863309352517985,1.0,0.5,0.5,2.0,1.0,2.0,1.0,1.0,1.0,1.0,2.0,2.0,0.5,2.0,0.5,0.5,2.0,1.0,6,Fast Attacker
blastoise,water,,79,83,100,85,105,78,168,244.5,0.4878504672897196,-0.0119047619047619,1.0,2.0,0.5,0.5,1.0,1.0,1.0,1.0,2.0,1.0,1.0,1.0,2.0,1.0,0.5,1.0,2.0,1.0,4,Balanced All-Rounder
blaziken,fire,fighting,80,120,70,110,70,80,230,180.0,0.5214953271028038,0.0434782608695652,2.0,0.5,0.5,2.0,1.0,4.0,1.0,0.5,1.0,0.5,0.5,1.0,1.0,1.0,0.5,2.0,2.0,0.5,6,Fast Attacker
blissey,normal,,255,10,10,75,135,55,85,272.5,0.2308411214953271,-0.7647058823529411,1.0,1.0,1.0,1.0,1.0,1.0,1.0,1.0,1.0,1.0,1.0,1.0,0.5,1.0,1.0,1.0,0.5,1.0,3,Generalist
boltund,electric,,69,90,60,90,60,121,180,154.5,0.9364485981308412,0.0,1.0,1.0,2.0,0.5,0.5,1.0,1.0,1.0,1.0,2.0,1.0,1.0,1.0,1.0,0.5,1.0,1.0,1.0,8,Speed Sweeper
bombirdier,flying,dark,70,103,85,60,85,82,163,205.0,0.5532710280373832,0.263803680981595,1.0,1.0,1.0,2.0,0.5,1.0,1.0,1.0,1.0,1.0,2.0,1.0,0.5,2.0,1.0,0.5,0.5,0.5,3,Generalist
bouffalant,normal,,95,110,95,40,95,55,150,237.5,0.2308411214953271,0.4666666666666667,1.0,1.0,1.0,1.0,1.0,1.0,1.0,1.0,1.0,1.0,1.0,1.0,0.5,1.0,1.0,1.0,0.5,1.0,3,Generalist
brambleghast,grass,ghost,55,115,70,80,70,90,195,167.5,0.6429906542056075,0.1794871794871795,1.0,0.5,2.0,0.5,1.0,1.0,1.0,0.5,2.0,0.5,2.0,0.5,2.0,2.0,0.5,0.5,0.5,1.0,7,Balanced All-Rounder
braviary,normal,flying,100,123,75,57,75,80,180,200.0,0.5214953271028038,0.3666666666666666,1.0,1.0,1.0,2.0,0.5,1.0,2.0,1.0,1.0,1.0,1.0,2.0,0.25,1.0,1.0,1.0,0.25,1.0,3,Generalist
breloom,grass,fighting,60,130,80,60,60,70,190,170.0,0.3981308411214953,0.3684210526315789,2.0,0.5,2.0,0.5,1.0,2.0,1.0,0.25,2.0,0.25,0.5,0.25,4.0,1.0,0.5,2.0,0.5,0.5,7,Balanced All-Rounder
bronzong,steel,psychic,67,89,116,79,116,33,168,265.5,0.0682242990654205,0.0595238095238095,1.0,0.5,0.5,1.0,0.5,2.0,2.0,2.0,1.0,1.0,0.5,1.0,2.0,1.0,1.0,1.0,0.25,2.0,11,Fast Attacker
brute-bonnet,grass,dark,111,127,99,79,99,55,206,253.5,0.2308411214953271,0.233009708737864,1.0,0.5,2.0,0.5,1.0,1.0,0.5,0.5,2.0,0.5,2.0,0.25,2.0,2.0,0.5,0.5,0.5,0.5,7,Balanced All-Rounder
bruxish,water,psychic,68,105,70,70,70,92,175,174.0,0.6757009345794392,0.2,1.0,2.0,0.5,0.5,1.0,1.0,2.0,2.0,2.0,1.0,0.5,1.0,2.0,1.0,0.5,1.0,1.0,1.0,0,Generalist
butterfree,bug,flying,60,45,50,90,80,70,135,160.0,0.3981308411214953,-0.3333333333333333,1.0,0.5,1.0,4.0,0.5,1.0,1.0,0.5,1.0,0.5,2.0,2.0,0.5,0.5,1.0,2.0,0.25,0.5,2,Generalist
buzzwole,bug,fighting,107,139,139,53,53,79,192,245.5,0.4934579439252336,0.4479166666666667,2.0,0.5,1.0,2.0,1.0,2.0,0.5,0.25,1.0,0.25,1.0,0.5,2.0,0.5,1.0,4.0,0.5,0.25,2,Generalist
cacturne,grass,dark,70,115,60,115,60,55,230,155.0,0.2308411214953271,0.0,1.0,0.5,2.0,0.5,1.0,1.0,0.5,0.5,2.0,0.5,2.0,0.25,2.0,2.0,0.5,0.5,0.5,0.5,7,Balanced All-Rounder
calyrex,psychic,grass,100,80,80,80,80,80,160,210.0,0.5214953271028038,0.0,1.0,0.5,2.0,0.5,1.0,1.0,2.0,1.0,2.0,0.5,0.5,0.5,2.0,1.0,0.5,1.0,0.25,1.0,7,Balanced All-Rounder
camerupt,fire,ground,70,100,70,105,75,40,205,180.0,0.1065420560747663,-0.024390243902439,1.0,1.0,0.5,1.0,2.0,2.0,1.0,2.0,1.0,1.0,1.0,2.0,1.0,1.0,0.5,1.0,4.0,1.0,4,Balanced All-Rounder
carbink,rock,fairy,50,50,150,50,150,50,100,325.0,0.1906542056074766,0.0,1.0,1.0,1.0,1.0,1.0,2.0,1.0,1.0,0.5,2.0,1.0,2.0,1.0,1.0,2.0,2.0,0.25,1.0,9,Defensive Wall
carnivine,grass,,74,100,72,90,72,46,190,181.0,0.1607476635514018,0.0526315789473684,1.0,0.5,2.0,0.5,1.0,1.0,1.0,0.5,2.0,0.5,1.0,0.5,2.0,1.0,0.5,1.0,0.5,1.0,7,Balanced All-Rounder
carracosta,water,rock,74,108,133,83,65,32,191,235.0,0.0644859813084112,0.1308900523560209,1.0,4.0,0.5,0.5,1.0,2.0,0.5,1.0,1.0,2.0,1.0,2.0,2.0,1.0,0.5,1.0,1.0,1.0,5,Defensive Wall
castform,normal,,70,70,70,70,70,70,140,175.0,0.3981308411214953,0.0,1.0,1.0,1.0,1.0,1.0,1.0,1.0,1.0,1.0,1.0,1.0,1.0,0.5,1.0,1.0,1.0,0.5,1.0,3,Generalist
celebi,psychic,grass,100,100,100,100,100,100,200,250.0,0.7700934579439253,0.0,1.0,0.5,2.0,0.5,1.0,1.0,2.0,1.0,2.0,0.5,0.5,0.5,2.0,1.0,0.5,1.0,0.25,1.0,7,Balanced All-Rounder
celesteela,steel,flying,97,101,103,107,101,61,208,252.5,0.3,-0.0288461538461538,1.0,0.5,0.5,2.0,0.25,2.0,2.0,1.0,1.0,1.0,1.0,2.0,1.0,1.0,1.0,1.0,0.25,2.0,3,Generalist
centiskorch,fire,bug,100,115,65,90,90,65,205,205.0,0.3289719626168224,0.1219512195121951,1.0,0.25,0.5,4.0,1.0,2.0,0.5,0.5,1.0,0.5,2.0,2.0,0.5,0.5,0.5,2.0,1.0,0.5,6,Fast Attacker
ceruledge,fire,ghost,75,125,80,60,100,85,185,217.5,0.5841121495327103,0.3513513513513513,1.0,0.5,0.5,2.0,1.0,2.0,1.0,1.0,1.0,1.0,2.0,2.0,0.5,2.0,0.5,0.5,2.0,1.0,6,Fast Attacker
cetitan,ice,,170,113,65,45,55,73,158,205.0,0.4401869158878504,0.430379746835443,1.0,0.5,0.5,2.0,1.0,0.5,1.0,1.0,2.0,2.0,1.0,1.0,1.0,1.0,2.0,1.0,0.5,1.0,10,Balanced All-Rounder
chandelure,ghost,fire,60,55,90,145,90,80,200,210.0,0.5214953271028038,-0.45,1.0,0.5,0.5,2.0,1.0,2.0,1.0,1.0,1.0,1.0,2.0,2.0,0.5,2.0,0.5,0.5,2.0,1.0,6,Fast Attacker
charizard,fire,flying,78,84,78,109,85,100,193,202.0,0.7700934579439253,-0.1295336787564766,1.0,0.5,0.5,4.0,0.5,2.0,2.0,1.0,1.0,1.0,1.0,4.0,0.25,1.0,0.5,1.0,1.0,1.0,6,Fast Attacker
chatot,normal,flying,76,65,45,92,42,91,157,125.0,0.6682242990654206,-0.1719745222929936,1.0,1.0,1.0,2.0,0.5,1.0,2.0,1.0,1.0,1.0,1.0,2.0,0.25,1.0,1.0,1.0,0.25,1.0,3,Generalist
cherrim,grass,,70,60,70,87,78,85,147,183.0,0.5841121495327103,-0.1836734693877551,1.0,0.5,2.0,0.5,1.0,1.0,1.0,0.5,2.0,0.5,1.0,0.5,2.0,1.0,0.5,1.0,0.5,1.0,7,Balanced All-Rounder
chesnaught,grass,fighting,88,107,122,74,75,64,181,241.0,0.3037383177570093,0.1823204419889502,2.0,0.5,2.0,0.5,1.0,2.0,1.0,0.25,2.0,0.25,0.5,0.25,4.0,1.0,0.5,2.0,0.5,0.5,7,Balanced All-Rounder
chi-yu,dark,fire,55,80,80,135,120,100,215,227.5,0.7700934579439253,-0.2558139534883721,1.0,0.5,0.5,2.0,1.0,2.0,0.5,1.0,1.0,1.0,2.0,1.0,0.5,2.0,0.5,0.5,2.0,0.5,6,Fast Attacker
chien-pao,dark,ice,80,120,80,90,65,135,210,185.0,0.9766355140186916,0.1428571428571428,1.0,0.5,0.5,2.0,1.0,0.5,0.5,1.0,2.0,2.0,2.0,0.5,1.0,2.0,2.0,0.5,0.5,0.5,10,Balanced All-Rounder
chimecho,psychic,,75,50,80,95,90,65,145,207.5,0.3289719626168224,-0.3103448275862069,1.0,1.0,1.0,1.0,1.0,1.0,2.0,2.0,1.0,1.0,0.5,1.0,1.0,1.0,1.0,1.0,0.5,1.0,11,Fast Attacker
cinccino,normal,,75,95,60,65,60,115,160,157.5,0.9009345794392524,0.1875,1.0,1.0,1.0,1.0,1.0,1.0,1.0,1.0,1.0,1.0,1.0,1.0,0.5,1.0,1.0,1.0,0.5,1.0,3,Generalist
cinderace,fire,,80,116,75,65,75,119,181,190.0,0.9186915887850468,0.281767955801105,1.0,0.5,0.5,2.0,1.0,2.0,1.0,1.0,1.0,1.0,1.0,2.0,0.5,1.0,0.5,1.0,2.0,1.0,6,Fast Attacker
clawitzer,water,,71,73,88,120,89,59,193,212.5,0.2560747663551402,-0.2435233160621761,1.0,2.0,0.5,0.5,1.0,1.0,1.0,1.0,2.0,1.0,1.0,1.0,2.0,1.0,0.5,1.0,2.0,1.0,4,Balanced All-Rounder
claydol,ground,psychic,60,70,105,70,120,75,140,255.0,0.4616822429906542,0.0,1.0,2.0,1.0,0.5,2.0,1.0,2.0,4.0,1.0,1.0,0.5,1.0,2.0,1.0,1.0,1.0,1.0,1.0,0,Generalist
clefable,fairy,,95,70,73,95,90,60,165,210.5,0.2775700934579439,-0.1515151515151515,1.0,0.5,1.0,1.0,1.0,1.0,2.0,1.0,1.0,1.0,1.0,1.0,1.0,1.0,2.0,2.0,0.5,1.0,1,Defensive Pivot
clodsire,poison,ground,130,75,60,45,100,20,120,225.0,0.0130841121495327,0.25,1.0,2.0,1.0,1.0,2.0,1.0,1.0,1.0,0.5,1.0,1.0,1.0,1.0,0.5,1.0,1.0,2.0,2.0,0,Generalist
cloyster,water,ice,50,95,180,85,45,70,180,250.0,0.3981308411214953,0.0555555555555555,1.0,1.0,0.25,1.0,1.0,0.5,1.0,1.0,4.0,2.0,1.0,1.0,2.0,1.0,1.0,1.0,1.0,1.0,10,Balanced All-Rounder
coalossal,rock,fire,110,80,120,80,90,30,160,265.0,0.0448598130841121,0.0,1.0,1.0,0.5,2.0,1.0,4.0,0.5,1.0,0.5,2.0,1.0,4.0,0.5,1.0,0.5,1.0,1.0,1.0,9,Defensive Wall
cobalion,steel,fighting,91,90,129,90,72,108,180,246.5,0.8457943925233645,0.0,2.0,0.5,0.5,1.0,0.5,4.0,1.0,0.5,1.0,0.5,0.5,0.5,4.0,1.0,1.0,2.0,0.5,1.0,2,Generalist
cofagrigus,ghost,,58,50,145,95,105,30,145,279.0,0.0448598130841121,-0.3103448275862069,1.0,1.0,1.0,1.0,1.0,1.0,1.0,1.0,1.0,1.0,2.0,1.0,1.0,2.0,1.0,0.5,1.0,1.0,3,Generalist
comfey,fairy,,51,52,90,82,110,100,134,225.5,0.7700934579439253,-0.2238805970149253,1.0,0.5,1.0,1.0,1.0,1.0,2.0,1.0,1.0,1.0,1.0,1.0,1.0,1.0,2.0,2.0,0.5,1.0,1,Defensive Pivot
conkeldurr,fighting,,105,140,95,55,65,45,195,212.5,0.1457943925233644,0.4358974358974359,2.0,1.0,1.0,1.0,1.0,2.0,1.0,0.5,1.0,0.5,0.5,0.5,2.0,1.0,1.0,2.0,1.0,0.5,2,Generalist
copperajah,steel,,122,130,69,80,69,30,210,199.0,0.0448598130841121,0.238095238095238,1.0,0.5,0.5,1.0,0.5,2.0,1.0,1.0,1.0,1.0,1.0,1.0,2.0,1.0,1.0,1.0,0.5,2.0,3,Generalist
corviknight,flying,steel,98,87,105,53,85,67,140,239.0,0.3588785046728971,0.2428571428571428,1.0,0.5,0.5,2.0,0.25,2.0,2.0,1.0,1.0,1.0,1.0,2.0,1.0,1.0,1.0,1.0,0.25,2.0,3,Generalist
crabominable,fighting,ice,97,132,77,62,67,43,194,192.5,0.1242990654205607,0.3608247422680412,2.0,0.5,0.5,2.0,1.0,1.0,1.0,0.5,2.0,1.0,0.5,0.5,2.0,1.0,2.0,2.0,0.5,0.5,1,Defensive Pivot
cradily,rock,grass,86,81,97,81,107,43,162,247.0,0.1242990654205607,0.0,1.0,1.0,2.0,0.5,1.0,2.0,0.5,0.5,1.0,1.0,1.0,1.0,2.0,1.0,0.5,1.0,0.25,1.0,7,Balanced All-Rounder
cramorant,flying,water,70,85,55,85,95,85,170,185.0,0.5841121495327103,0.0,1.0,2.0,0.5,1.0,0.5,1.0,2.0,1.0,2.0,1.0,1.0,2.0,1.0,1.0,0.5,1.0,1.0,1.0,0,Generalist
crawdaunt,water,dark,63,120,85,90,55,55,210,171.5,0.2308411214953271,0.1428571428571428,1.0,2.0,0.5,0.5,1.0,1.0,0.5,1.0,2.0,1.0,2.0,0.5,2.0,2.0,0.5,0.5,2.0,0.5,0,Generalist
cresselia,psychic,,120,70,110,75,120,85,145,290.0,0.5841121495327103,-0.0344827586206896,1.0,1.0,1.0,1.0,1.0,1.0,2.0,2.0,1.0,1.0,0.5,1.0,1.0,1.0,1.0,1.0,0.5,1.0,11,Fast Attacker
crobat,poison,flying,85,90,80,70,80,130,160,202.5,0.966355140186916,0.125,1.0,1.0,1.0,4.0,0.5,1.0,2.0,0.5,0.5,1.0,1.0,2.0,0.25,0.5,1.0,1.0,0.5,2.0,3,Generalist
crustle,bug,rock,70,105,125,65,75,45,170,235.0,0.1457943925233644,0.2352941176470588,1.0,1.0,1.0,2.0,1.0,2.0,0.25,0.5,0.5,1.0,2.0,2.0,1.0,0.5,1.0,2.0,0.25,0.5,3,Generalist
cryogonal,ice,,80,50,50,95,135,105,145,225.0,0.8233644859813084,-0.3103448275862069,1.0,0.5,0.5,2.0,1.0,0.5,1.0,1.0,2.0,2.0,1.0,1.0,1.0,1.0,2.0,1.0,0.5,1.0,10,Balanced All-Rounder
cursola,ghost,,60,95,50,145,130,30,240,210.0,0.0448598130841121,-0.2083333333333333,1.0,1.0,1.0,1.0,1.0,1.0,1.0,1.0,1.0,1.0,2.0,1.0,1.0,2.0,1.0,0.5,1.0,1.0,3,Generalist
cyclizar,dragon,normal,70,95,65,85,65,121,180,165.0,0.9364485981308412,0.0555555555555555,1.0,1.0,1.0,1.0,1.0,1.0,1.0,1.0,1.0,1.0,1.0,1.0,0.5,1.0,2.0,1.0,0.25,1.0,1,Defensive Pivot
dachsbun,fairy,,57,80,115,50,80,95,130,223.5,0.702803738317757,0.2307692307692307,1.0,0.5,1.0,1.0,1.0,1.0,2.0,1.0,1.0,1.0,1.0,1.0,1.0,1.0,2.0,2.0,0.5,1.0,1,Defensive Pivot
darkrai,dark,,70,90,90,135,90,125,225,215.0,0.9532710280373832,-0.2,1.0,1.0,1.0,1.0,1.0,1.0,0.5,1.0,1.0,1.0,2.0,0.5,1.0,2.0,1.0,0.5,1.0,0.5,3,Generalist
decidueye,grass,ghost,78,107,75,100,100,70,207,214.0,0.3981308411214953,0.0338164251207729,1.0,0.5,2.0,0.5,1.0,1.0,1.0,0.5,2.0,0.5,2.0,0.5,2.0,2.0,0.5,0.5,0.5,1.0,7,Balanced All-Rounder
dedenne,electric,fairy,67,58,57,81,67,101,139,157.5,0.797196261682243,-0.1654676258992805,1.0,0.5,2.0,0.5,0.5,1.0,2.0,1.0,1.0,2.0,1.0,1.0,1.0,1.0,1.0,2.0,0.5,1.0,8,Speed Sweeper
delcatty,normal,,70,65,65,55,55,90,120,155.0,0.6429906542056075,0.0833333333333333,1.0,1.0,1.0,1.0,1.0,1.0,1.0,1.0,1.0,1.0,1.0,1.0,0.5,1.0,1.0,1.0,0.5,1.0,3,Generalist
delibird,ice,flying,45,55,45,65,45,75,120,112.5,0.4616822429906542,-0.0833333333333333,1.0,0.5,0.5,4.0,0.5,0.5,2.0,1.0,2.0,2.0,1.0,2.0,0.5,1.0,2.0,1.0,0.25,1.0,10,Balanced All-Rounder
delphox,fire,psychic,75,69,72,114,100,104,183,209.5,0.8121495327102803,-0.2459016393442623,1.0,0.5,0.5,2.0,1.0,2.0,2.0,2.0,1.0,1.0,0.5,2.0,0.5,1.0,0.5,1.0,1.0,1.0,11,Fast Attacker
dewgong,water,ice,90,70,80,70,95,70,140,220.0,0.3981308411214953,0.0,1.0,1.0,0.25,1.0,1.0,0.5,1.0,1.0,4.0,2.0,1.0,1.0,2.0,1.0,1.0,1.0,1.0,1.0,10,Balanced All-Rounder
dhelmise,ghost,grass,70,131,100,86,90,40,217,225.0,0.1065420560747663,0.2073732718894009,1.0,0.5,2.0,0.5,1.0,1.0,1.0,0.5,2.0,0.5,2.0,0.5,2.0,2.0,0.5,0.5,0.5,1.0,7,Balanced All-Rounder
dialga,steel,dragon,100,120,120,150,100,90,270,270.0,0.6429906542056075,-0.1111111111111111,1.0,0.5,0.5,1.0,0.5,2.0,1.0,1.0,1.0,1.0,1.0,1.0,2.0,1.0,2.0,1.0,0.25,2.0,1,Defensive Pivot
diancie,rock,fairy,50,100,150,100,150,50,200,325.0,0.1906542056074766,0.0,1.0,1.0,1.0,1.0,1.0,2.0,1.0,1.0,0.5,2.0,1.0,2.0,1.0,1.0,2.0,2.0,0.25,1.0,9,Defensive Wall
diggersby,normal,ground,85,56,77,50,77,78,106,196.5,0.4878504672897196,0.0566037735849056,1.0,2.0,1.0,0.5,2.0,1.0,1.0,2.0,1.0,1.0,1.0,1.0,1.0,1.0,1.0,1.0,1.0,1.0,0,Generalist
ditto,normal,,48,48,48,48,48,48,96,120.0,0.1663551401869158,0.0,1.0,1.0,1.0,1.0,1.0,1.0,1.0,1.0,1.0,1.0,1.0,1.0,0.5,1.0,1.0,1.0,0.5,1.0,3,Generalist
dodrio,normal,flying,60,110,70,60,60,110,170,160.0,0.8719626168224299,0.2941176470588235,1.0,1.0,1.0,2.0,0.5,1.0,2.0,1.0,1.0,1.0,1.0,2.0,0.25,1.0,1.0,1.0,0.25,1.0,3,Generalist
dondozo,water,,150,100,115,65,65,35,165,255.0,0.0813084112149532,0.2121212121212121,1.0,2.0,0.5,0.5,1.0,1.0,1.0,1.0,2.0,1.0,1.0,1.0,2.0,1.0,0.5,1.0,2.0,1.0,4,Balanced All-Rounder
donphan,ground,,90,120,120,60,60,50,180,225.0,0.1906542056074766,0.3333333333333333,1.0,2.0,1.0,0.5,2.0,1.0,1.0,2.0,1.0,1.0,1.0,1.0,2.0,1.0,1.0,1.0,2.0,1.0,0,Generalist
dracovish,water,dragon,90,90,100,70,80,75,160,225.0,0.4616822429906542,0.125,1.0,2.0,0.5,0.5,1.0,1.0,1.0,1.0,2.0,1.0,1.0,1.0,2.0,1.0,1.0,1.0,1.0,1.0,0,Generalist
dracozolt,electric,dragon,90,100,90,80,70,75,180,205.0,0.4616822429906542,0.1111111111111111,1.0,1.0,2.0,0.5,0.5,1.0,1.0,1.0,1.0,2.0,1.0,1.0,1.0,1.0,1.0,1.0,0.5,1.0,8,Speed Sweeper
dragalge,poison,dragon,65,75,90,97,123,44,172,245.5,0.1299065420560747,-0.127906976744186,1.0,1.0,1.0,2.0,1.0,1.0,1.0,0.5,0.5,1.0,1.0,1.0,0.5,0.5,2.0,1.0,0.5,2.0,1,Defensive Pivot
dragapult,dragon,ghost,88,120,75,100,75,142,220,194.0,0.988785046728972,0.0909090909090909,1.0,1.0,1.0,1.0,1.0,1.0,1.0,1.0,1.0,1.0,2.0,1.0,1.0,2.0,2.0,0.5,0.5,1.0,1,Defensive Pivot
dragonite,dragon,flying,91,134,95,100,100,80,234,240.5,0.5214953271028038,0.1452991452991453,1.0,1.0,1.0,2.0,0.5,1.0,2.0,1.0,1.0,1.0,1.0,2.0,0.5,1.0,2.0,1.0,0.25,1.0,1,Defensive Pivot
drampa,normal,dragon,78,60,85,135,91,36,195,215.0,0.0906542056074766,-0.3846153846153846,1.0,1.0,1.0,1.0,1.0,1.0,1.0,1.0,1.0,1.0,1.0,1.0,0.5,1.0,2.0,1.0,0.25,1.0,1,Defensive Pivot
drapion,poison,dark,70,90,110,60,75,95,150,220.0,0.702803738317757,0.2,1.0,1.0,1.0,2.0,1.0,1.0,0.5,0.5,0.5,1.0,2.0,0.5,0.5,1.0,1.0,0.5,1.0,1.0,3,Generalist
drednaw,water,rock,90,115,90,48,68,74,163,203.0,0.4439252336448598,0.4110429447852761,1.0,4.0,0.5,0.5,1.0,2.0,0.5,1.0,1.0,2.0,1.0,2.0,2.0,1.0,0.5,1.0,1.0,1.0,5,Defensive Wall
drifblim,ghost,flying,150,80,44,90,54,80,170,173.0,0.5214953271028038,-0.0588235294117647,1.0,1.0,1.0,2.0,0.5,1.0,2.0,1.0,1.0,1.0,2.0,2.0,0.5,2.0,1.0,0.5,0.5,1.0,3,Generalist
druddigon,dragon,,77,120,90,60,90,48,180,218.5,0.1663551401869158,0.3333333333333333,1.0,1.0,1.0,1.0,1.0,1.0,1.0,1.0,1.0,1.0,1.0,1.0,1.0,1.0,2.0,1.0,0.5,1.0,1,Defensive Pivot
dubwool,normal,,72,80,100,60,90,88,140,226.0,0.616822429906542,0.1428571428571428,1.0,1.0,1.0,1.0,1.0,1.0,1.0,1.0,1.0,1.0,1.0,1.0,0.5,1.0,1.0,1.0,0.5,1.0,3,Generalist
dugtrio,ground,,35,100,50,50,70,120,150,137.5,0.9271028037383178,0.3333333333333333,1.0,2.0,1.0,0.5,2.0,1.0,1.0,2.0,1.0,1.0,1.0,1.0,2.0,1.0,1.0,1.0,2.0,1.0,0,Generalist
durant,bug,steel,58,109,112,48,48,109,157,189.0,0.8551401869158879,0.3885350318471338,1.0,0.25,0.5,2.0,0.5,2.0,0.5,0.5,1.0,0.5,2.0,1.0,2.0,0.5,1.0,2.0,0.25,1.0,2,Generalist
dusknoir,ghost,,45,100,135,65,135,45,165,292.5,0.1457943925233644,0.2121212121212121,1.0,1.0,1.0,1.0,1.0,1.0,1.0,1.0,1.0,1.0,2.0,1.0,1.0,2.0,1.0,0.5,1.0,1.0,3,Generalist
dustox,bug,poison,60,50,70,50,90,65,100,190.0,0.3289719626168224,0.0,1.0,0.5,1.0,4.0,1.0,1.0,0.5,0.25,0.5,0.5,2.0,1.0,0.5,0.25,1.0,2.0,0.5,1.0,2,Generalist
eelektross,electric,,85,115,80,105,80,50,220,202.5,0.1906542056074766,0.0454545454545454,1.0,1.0,2.0,0.5,0.5,1.0,1.0,1.0,1.0,2.0,1.0,1.0,1.0,1.0,0.5,1.0,1.0,1.0,8,Speed Sweeper
eldegoss,grass,,60,50,90,80,120,60,130,240.0,0.2775700934579439,-0.2307692307692307,1.0,0.5,2.0,0.5,1.0,1.0,1.0,0.5,2.0,0.5,1.0,0.5,2.0,1.0,0.5,1.0,0.5,1.0,7,Balanced All-Rounder
electivire,electric,,75,123,67,95,85,95,218,189.5,0.702803738317757,0.128440366972477,1.0,1.0,2.0,0.5,0.5,1.0,1.0,1.0,1.0,2.0,1.0,1.0,1.0,1.0,0.5,1.0,1.0,1.0,8,Speed Sweeper
electrode,electric,,60,50,70,80,80,150,130,180.0,0.994392523364486,-0.2307692307692307,1.0,1.0,2.0,0.5,0.5,1.0,1.0,1.0,1.0,2.0,1.0,1.0,1.0,1.0,0.5,1.0,1.0,1.0,8,Speed Sweeper
emboar,fire,fighting,110,123,65,100,65,65,223,185.0,0.3289719626168224,0.1031390134529148,2.0,0.5,0.5,2.0,1.0,4.0,1.0,0.5,1.0,0.5,0.5,1.0,1.0,1.0,0.5,2.0,2.0,0.5,6,Fast Attacker
emolga,electric,flying,55,75,60,75,60,103,150,147.5,0.8084112149532711,0.0,1.0,1.0,2.0,1.0,0.25,1.0,2.0,1.0,1.0,2.0,1.0,2.0,0.5,1.0,0.5,1.0,0.5,1.0,8,Speed Sweeper
empoleon,water,steel,84,86,88,111,101,60,197,231.0,0.2775700934579439,-0.1269035532994923,1.0,1.0,0.25,0.5,0.5,2.0,1.0,1.0,2.0,1.0,1.0,1.0,4.0,1.0,0.5,1.0,1.0,2.0,0,Generalist
entei,fire,,115,115,85,90,75,100,205,217.5,0.7700934579439253,0.1219512195121951,1.0,0.5,0.5,2.0,1.0,2.0,1.0,1.0,1.0,1.0,1.0,2.0,0.5,1.0,0.5,1.0,2.0,1.0,6,Fast Attacker
escavalier,bug,steel,70,135,105,60,105,20,195,245.0,0.0130841121495327,0.3846153846153846,1.0,0.25,0.5,2.0,0.5,2.0,0.5,0.5,1.0,0.5,2.0,1.0,2.0,0.5,1.0,2.0,0.25,1.0,2,Generalist
espathra,psychic,,95,60,60,101,60,105,161,167.5,0.8233644859813084,-0.2546583850931677,1.0,1.0,1.0,1.0,1.0,1.0,2.0,2.0,1.0,1.0,0.5,1.0,1.0,1.0,1.0,1.0,0.5,1.0,11,Fast Attacker
espeon,psychic,,65,65,60,130,95,110,195,187.5,0.8719626168224299,-0.3333333333333333,1.0,1.0,1.0,1.0,1.0,1.0,2.0,2.0,1.0,1.0,0.5,1.0,1.0,1.0,1.0,1.0,0.5,1.0,11,Fast Attacker
eternatus,poison,dragon,140,85,95,145,95,130,230,260.0,0.966355140186916,-0.2608695652173913,1.0,1.0,1.0,2.0,1.0,1.0,1.0,0.5,0.5,1.0,1.0,1.0,0.5,0.5,2.0,1.0,0.5,2.0,1,Defensive Pivot
excadrill,ground,steel,110,135,60,50,65,88,185,180.0,0.616822429906542,0.4594594594594595,1.0,1.0,0.5,0.5,1.0,2.0,1.0,2.0,1.0,1.0,1.0,1.0,4.0,1.0,1.0,1.0,1.0,2.0,0,Generalist
exeggutor,grass,psychic,95,95,85,125,75,55,220,207.5,0.2308411214953271,-0.1363636363636363,1.0,0.5,2.0,0.5,1.0,1.0,2.0,1.0,2.0,0.5,0.5,0.5,2.0,1.0,0.5,1.0,0.25,1.0,7,Balanced All-Rounder
exploud,normal,,104,91,63,91,73,68,182,188.0,0.3663551401869159,0.0,1.0,1.0,1.0,1.0,1.0,1.0,1.0,1.0,1.0,1.0,1.0,1.0,0.5,1.0,1.0,1.0,0.5,1.0,3,Generalist
falinks,fighting,,65,100,100,70,60,75,170,192.5,0.4616822429906542,0.1764705882352941,2.0,1.0,1.0,1.0,1.0,2.0,1.0,0.5,1.0,0.5,0.5,0.5,2.0,1.0,1.0,2.0,1.0,0.5,2,Generalist
farigiraf,normal,psychic,120,90,70,110,70,60,200,200.0,0.2775700934579439,-0.1,1.0,1.0,1.0,1.0,1.0,1.0,2.0,2.0,1.0,1.0,0.5,1.0,0.5,1.0,1.0,1.0,0.25,1.0,11,Fast Attacker
fearow,normal,flying,65,90,65,61,61,100,151,158.5,0.7700934579439253,0.1920529801324503,1.0,1.0,1.0,2.0,0.5,1.0,2.0,1.0,1.0,1.0,1.0,2.0,0.25,1.0,1.0,1.0,0.25,1.0,3,Generalist
feraligatr,water,,85,105,100,79,83,78,184,225.5,0.4878504672897196,0.1413043478260869,1.0,2.0,0.5,0.5,1.0,1.0,1.0,1.0,2.0,1.0,1.0,1.0,2.0,1.0,0.5,1.0,2.0,1.0,4,Balanced All-Rounder
ferrothorn,grass,steel,74,94,131,54,116,20,148,284.0,0.0130841121495327,0.2702702702702703,1.0,0.25,1.0,0.5,0.5,2.0,1.0,0.5,2.0,0.5,1.0,0.5,4.0,1.0,0.5,1.0,0.25,2.0,7,Balanced All-Rounder
fezandipiti,poison,fairy,88,91,82,70,125,99,161,251.0,0.7448598130841122,0.1304347826086956,1.0,0.5,1.0,2.0,1.0,1.0,2.0,0.5,0.5,1.0,1.0,1.0,0.5,0.5,2.0,2.0,0.5,2.0,1,Defensive Pivot
flamigo,flying,fighting,82,115,74,75,64,90,190,179.0,0.6429906542056075,0.2105263157894736,2.0,1.0,1.0,2.0,0.5,2.0,2.0,0.5,1.0,0.5,0.5,1.0,1.0,1.0,1.0,2.0,0.5,0.5,2,Generalist
flapple,grass,dragon,70,110,80,95,60,70,205,175.0,0.3981308411214953,0.073170731707317,1.0,0.5,2.0,0.5,1.0,1.0,1.0,0.5,2.0,0.5,1.0,0.5,2.0,1.0,1.0,1.0,0.25,1.0,7,Balanced All-Rounder
flareon,fire,,65,130,60,95,110,65,225,202.5,0.3289719626168224,0.1555555555555555,1.0,0.5,0.5,2.0,1.0,2.0,1.0,1.0,1.0,1.0,1.0,2.0,0.5,1.0,0.5,1.0,2.0,1.0,6,Fast Attacker
floatzel,water,,85,105,55,85,50,115,190,147.5,0.9009345794392524,0.1052631578947368,1.0,2.0,0.5,0.5,1.0,1.0,1.0,1.0,2.0,1.0,1.0,1.0,2.0,1.0,0.5,1.0,2.0,1.0,4,Balanced All-Rounder
florges,fairy,,78,65,68,112,154,75,177,261.0,0.4616822429906542,-0.2655367231638418,1.0,0.5,1.0,1.0,1.0,1.0,2.0,1.0,1.0,1.0,1.0,1.0,1.0,1.0,2.0,2.0,0.5,1.0,1,Defensive Pivot
flutter-mane,ghost,fairy,55,55,55,135,135,135,190,217.5,0.9766355140186916,-0.4210526315789473,1.0,0.5,1.0,1.0,1.0,1.0,2.0,1.0,1.0,1.0,2.0,1.0,1.0,2.0,2.0,1.0,0.5,1.0,1,Defensive Pivot
flygon,ground,dragon,80,100,80,80,80,100,180,200.0,0.7700934579439253,0.1111111111111111,1.0,2.0,1.0,0.5,2.0,1.0,1.0,2.0,1.0,1.0,1.0,1.0,2.0,1.0,2.0,1.0,1.0,1.0,0,Generalist
forretress,bug,steel,75,90,140,60,60,40,150,237.5,0.1065420560747663,0.2,1.0,0.25,0.5,2.0,0.5,2.0,0.5,0.5,1.0,0.5,2.0,1.0,2.0,0.5,1.0,2.0,0.25,1.0,2,Generalist
froslass,ice,ghost,70,80,70,80,70,110,160,175.0,0.8719626168224299,0.0,1.0,0.5,0.5,2.0,1.0,0.5,1.0,1.0,2.0,2.0,2.0,1.0,1.0,2.0,2.0,0.5,0.5,1.0,10,Balanced All-Rounder
frosmoth,ice,bug,70,65,60,125,90,65,190,185.0,0.3289719626168224,-0.3157894736842105,1.0,0.25,0.5,4.0,1.0,0.5,0.5,0.5,2.0,1.0,2.0,1.0,1.0,0.5,2.0,2.0,0.25,0.5,1,Defensive Pivot
furfrou,normal,,75,80,60,65,90,102,145,187.5,0.8046728971962617,0.1034482758620689,1.0,1.0,1.0,1.0,1.0,1.0,1.0,1.0,1.0,1.0,1.0,1.0,0.5,1.0,1.0,1.0,0.5,1.0,3,Generalist
furret,normal,,85,76,64,45,55,90,121,161.5,0.6429906542056075,0.256198347107438,1.0,1.0,1.0,1.0,1.0,1.0,1.0,1.0,1.0,1.0,1.0,1.0,0.5,1.0,1.0,1.0,0.5,1.0,3,Generalist
gallade,psychic,fighting,68,125,65,65,115,80,190,214.0,0.5214953271028038,0.3157894736842105,2.0,1.0,1.0,1.0,1.0,2.0,2.0,1.0,1.0,0.5,0.25,0.5,2.0,1.0,1.0,2.0,0.5,0.5,2,Generalist
galvantula,bug,electric,70,77,60,97,60,108,174,155.0,0.8457943925233645,-0.1149425287356321,1.0,0.5,2.0,1.0,0.5,1.0,0.5,0.5,1.0,1.0,2.0,1.0,1.0,0.5,0.5,2.0,0.5,0.5,7,Balanced All-Rounder
garbodor,poison,,80,95,82,60,82,75,155,204.0,0.4616822429906542,0.2258064516129032,1.0,1.0,1.0,2.0,1.0,1.0,1.0,0.5,0.5,1.0,1.0,1.0,0.5,0.5,1.0,1.0,1.0,2.0,3,Generalist
garchomp,dragon,ground,108,130,95,80,85,102,210,234.0,0.8046728971962617,0.238095238095238,1.0,2.0,1.0,0.5,2.0,1.0,1.0,2.0,1.0,1.0,1.0,1.0,2.0,1.0,2.0,1.0,1.0,1.0,0,Generalist
gardevoir,psychic,fairy,68,65,65,125,115,80,190,214.0,0.5214953271028038,-0.3157894736842105,1.0,0.5,1.0,1.0,1.0,1.0,4.0,2.0,1.0,1.0,0.5,1.0,1.0,1.0,2.0,2.0,0.25,1.0,11,Fast Attacker
garganacl,rock,,100,100,130,45,90,35,145,270.0,0.0813084112149532,0.3793103448275862,1.0,2.0,1.0,1.0,1.0,2.0,0.5,1.0,0.5,2.0,1.0,2.0,1.0,1.0,1.0,1.0,0.5,1.0,9,Defensive Wall
gastrodon,water,ground,111,83,68,92,82,39,175,205.5,0.0943925233644859,-0.0514285714285714,1.0,4.0,0.5,0.25,2.0,1.0,1.0,2.0,2.0,1.0,1.0,1.0,4.0,1.0,0.5,1.0,4.0,1.0,4,Balanced All-Rounder
genesect,bug,steel,71,120,95,120,95,99,240,225.5,0.7448598130841122,0.0,1.0,0.25,0.5,2.0,0.5,2.0,0.5,0.5,1.0,0.5,2.0,1.0,2.0,0.5,1.0,2.0,0.25,1.0,2,Generalist
gengar,ghost,poison,60,65,60,130,75,110,195,165.0,0.8719626168224299,-0.3333333333333333,1.0,1.0,1.0,2.0,1.0,1.0,1.0,0.5,0.5,1.0,2.0,1.0,0.5,1.0,1.0,0.5,1.0,2.0,3,Generalist
gholdengo,steel,ghost,87,60,95,133,91,84,193,229.5,0.5598130841121496,-0.3782383419689119,1.0,0.5,0.5,1.0,0.5,2.0,1.0,1.0,1.0,1.0,2.0,1.0,2.0,2.0,1.0,0.5,0.5,2.0,3,Generalist
gigalith,rock,,85,135,130,60,80,25,195,252.5,0.0186915887850467,0.3846153846153846,1.0,2.0,1.0,1.0,1.0,2.0,0.5,1.0,0.5,2.0,1.0,2.0,1.0,1.0,1.0,1.0,0.5,1.0,9,Defensive Wall
glaceon,ice,,65,60,110,130,95,65,190,237.5,0.3289719626168224,-0.3684210526315789,1.0,0.5,0.5,2.0,1.0,0.5,1.0,1.0,2.0,2.0,1.0,1.0,1.0,1.0,2.0,1.0,0.5,1.0,10,Balanced All-Rounder
glalie,ice,,80,80,80,80,80,80,160,200.0,0.5214953271028038,0.0,1.0,0.5,0.5,2.0,1.0,0.5,1.0,1.0,2.0,2.0,1.0,1.0,1.0,1.0,2.0,1.0,0.5,1.0,10,Balanced All-Rounder
glastrier,ice,,100,145,130,65,110,30,210,290.0,0.0448598130841121,0.3809523809523809,1.0,0.5,0.5,2.0,1.0,0.5,1.0,1.0,2.0,2.0,1.0,1.0,1.0,1.0,2.0,1.0,0.5,1.0,10,Balanced All-Rounder
glimmora,rock,poison,83,55,90,130,81,86,185,212.5,0.6074766355140186,-0.4054054054054054,1.0,2.0,1.0,2.0,1.0,2.0,0.5,0.5,0.25,2.0,1.0,2.0,0.5,0.5,1.0,1.0,0.5,2.0,9,Defensive Wall
gliscor,ground,flying,75,95,125,45,75,95,140,237.5,0.702803738317757,0.3571428571428571,1.0,2.0,1.0,1.0,1.0,1.0,2.0,2.0,1.0,1.0,1.0,2.0,1.0,1.0,1.0,1.0,1.0,1.0,0,Generalist
gogoat,grass,,123,100,62,97,81,68,197,204.5,0.3663551401869159,0.015228426395939,1.0,0.5,2.0,0.5,1.0,1.0,1.0,0.5,2.0,0.5,1.0,0.5,2.0,1.0,0.5,1.0,0.5,1.0,7,Balanced All-Rounder
golduck,water,,80,82,78,95,80,85,177,198.0,0.5841121495327103,-0.0734463276836158,1.0,2.0,0.5,0.5,1.0,1.0,1.0,1.0,2.0,1.0,1.0,1.0,2.0,1.0,0.5,1.0,2.0,1.0,4,Balanced All-Rounder
golem,rock,ground,80,120,130,55,65,45,175,235.0,0.1457943925233644,0.3714285714285714,1.0,4.0,1.0,0.5,2.0,2.0,0.5,2.0,0.5,2.0,1.0,2.0,2.0,1.0,1.0,1.0,1.0,1.0,5,Defensive Wall
golisopod,bug,water,75,125,140,60,90,40,185,267.5,0.1065420560747663,0.3513513513513513,1.0,1.0,0.5,1.0,1.0,1.0,0.5,0.5,2.0,0.5,2.0,1.0,2.0,0.5,0.5,2.0,1.0,0.5,2,Generalist
golurk,ground,ghost,89,124,80,55,80,55,179,204.5,0.2308411214953271,0.3854748603351955,1.0,2.0,1.0,0.5,2.0,1.0,1.0,2.0,1.0,1.0,2.0,1.0,2.0,2.0,1.0,0.5,2.0,1.0,0,Generalist
goodra,dragon,,90,100,70,110,150,80,210,265.0,0.5214953271028038,-0.0476190476190476,1.0,1.0,1.0,1.0,1.0,1.0,1.0,1.0,1.0,1.0,1.0,1.0,1.0,1.0,2.0,1.0,0.5,1.0,1,Defensive Pivot
gorebyss,water,,55,84,105,114,75,52,198,207.5,0.2158878504672897,-0.1515151515151515,1.0,2.0,0.5,0.5,1.0,1.0,1.0,1.0,2.0,1.0,1.0,1.0,2.0,1.0,0.5,1.0,2.0,1.0,4,Balanced All-Rounder
gothitelle,psychic,,70,55,95,95,110,65,150,240.0,0.3289719626168224,-0.2666666666666666,1.0,1.0,1.0,1.0,1.0,1.0,2.0,2.0,1.0,1.0,0.5,1.0,1.0,1.0,1.0,1.0,0.5,1.0,11,Fast Attacker
gouging-fire,fire,dragon,105,115,121,65,93,91,180,266.5,0.6682242990654206,0.2777777777777778,1.0,0.5,0.5,2.0,1.0,2.0,1.0,1.0,1.0,1.0,1.0,2.0,0.5,1.0,1.0,1.0,1.0,1.0,3,Generalist
grafaiai,poison,normal,63,95,65,80,72,110,175,168.5,0.8719626168224299,0.0857142857142857,1.0,1.0,1.0,2.0,1.0,1.0,1.0,0.5,0.5,1.0,1.0,1.0,0.25,0.5,1.0,1.0,0.5,2.0,3,Generalist
granbull,fairy,,90,120,75,60,60,45,180,180.0,0.1457943925233644,0.3333333333333333,1.0,0.5,1.0,1.0,1.0,1.0,2.0,1.0,1.0,1.0,1.0,1.0,1.0,1.0,2.0,2.0,0.5,1.0,1,Defensive Pivot
grapploct,fighting,,80,118,90,70,80,42,188,210.0,0.1186915887850467,0.2553191489361702,2.0,1.0,1.0,1.0,1.0,2.0,1.0,0.5,1.0,0.5,0.5,0.5,2.0,1.0,1.0,2.0,1.0,0.5,2,Generalist
great-tusk,ground,fighting,115,131,131,53,53,87,184,241.5,0.611214953271028,0.4239130434782608,2.0,2.0,1.0,0.5,2.0,2.0,1.0,1.0,1.0,0.5,0.5,0.5,4.0,1.0,1.0,2.0,2.0,0.5,4,Balanced All-Rounder
greedent,normal,,120,95,95,55,75,20,150,230.0,0.0130841121495327,0.2666666666666666,1.0,1.0,1.0,1.0,1.0,1.0,1.0,1.0,1.0,1.0,1.0,1.0,0.5,1.0,1.0,1.0,0.5,1.0,3,Generalist
greninja,water,dark,72,95,67,103,71,122,198,174.0,0.9401869158878504,-0.0404040404040404,1.0,2.0,0.5,0.5,1.0,1.0,0.5,1.0,2.0,1.0,2.0,0.5,2.0,2.0,0.5,0.5,2.0,0.5,0,Generalist
grimmsnarl,dark,fairy,95,120,65,95,75,60,215,187.5,0.2775700934579439,0.1162790697674418,1.0,0.5,1.0,1.0,1.0,1.0,1.0,1.0,1.0,1.0,2.0,0.5,1.0,2.0,2.0,1.0,0.5,0.5,1,Defensive Pivot
groudon,ground,,100,150,140,100,90,90,250,280.0,0.6429906542056075,0.2,1.0,2.0,1.0,0.5,2.0,1.0,1.0,2.0,1.0,1.0,1.0,1.0,2.0,1.0,1.0,1.0,2.0,1.0,0,Generalist
grumpig,psychic,,80,45,65,90,110,80,135,215.0,0.5214953271028038,-0.3333333333333333,1.0,1.0,1.0,1.0,1.0,1.0,2.0,2.0,1.0,1.0,0.5,1.0,1.0,1.0,1.0,1.0,0.5,1.0,11,Fast Attacker
gumshoos,normal,,88,110,60,55,60,45,165,164.0,0.1457943925233644,0.3333333333333333,1.0,1.0,1.0,1.0,1.0,1.0,1.0,1.0,1.0,1.0,1.0,1.0,0.5,1.0,1.0,1.0,0.5,1.0,3,Generalist
guzzlord,dark,dragon,223,101,53,97,53,43,198,217.5,0.1242990654205607,0.0202020202020202,1.0,1.0,1.0,1.0,1.0,1.0,0.5,1.0,1.0,1.0,2.0,0.5,1.0,2.0,2.0,0.5,0.5,0.5,1,Defensive Pivot
gyarados,water,flying,95,125,79,60,100,81,185,226.5,0.5495327102803739,0.3513513513513513,1.0,2.0,0.5,1.0,0.5,1.0,2.0,1.0,2.0,1.0,1.0,2.0,1.0,1.0,0.5,1.0,1.0,1.0,0,Generalist
hariyama,fighting,,144,120,60,40,60,50,160,192.0,0.1906542056074766,0.5,2.0,1.0,1.0,1.0,1.0,2.0,1.0,0.5,1.0,0.5,0.5,0.5,2.0,1.0,1.0,2.0,1.0,0.5,2,Generalist
hatterene,psychic,fairy,57,90,95,136,103,29,226,226.5,0.0242990654205607,-0.2035398230088495,1.0,0.5,1.0,1.0,1.0,1.0,4.0,2.0,1.0,1.0,0.5,1.0,1.0,1.0,2.0,2.0,0.25,1.0,11,Fast Attacker
hawlucha,fighting,flying,78,92,75,74,63,118,166,177.0,0.9158878504672896,0.108433734939759,2.0,1.0,1.0,2.0,0.5,2.0,2.0,0.5,1.0,0.5,0.5,1.0,1.0,1.0,1.0,2.0,0.5,0.5,2,Generalist
haxorus,dragon,,76,147,90,60,70,97,207,198.0,0.7299065420560747,0.4202898550724637,1.0,1.0,1.0,1.0,1.0,1.0,1.0,1.0,1.0,1.0,1.0,1.0,1.0,1.0,2.0,1.0,0.5,1.0,1,Defensive Pivot
heatmor,fire,,85,97,66,105,66,65,202,174.5,0.3289719626168224,-0.0396039603960396,1.0,0.5,0.5,2.0,1.0,2.0,1.0,1.0,1.0,1.0,1.0,2.0,0.5,1.0,0.5,1.0,2.0,1.0,6,Fast Attacker
heatran,fire,steel,91,90,106,130,106,77,220,257.5,0.4831775700934579,-0.1818181818181818,1.0,0.25,0.25,2.0,0.5,4.0,1.0,1.0,1.0,1.0,1.0,2.0,1.0,1.0,0.5,1.0,1.0,2.0,6,Fast Attacker
heliolisk,electric,normal,62,55,52,109,94,109,164,177.0,0.8551401869158879,-0.3292682926829268,1.0,1.0,2.0,0.5,0.5,1.0,1.0,1.0,1.0,2.0,1.0,1.0,0.5,1.0,0.5,1.0,0.5,1.0,8,Speed Sweeper
heracross,bug,fighting,80,125,75,40,95,85,165,210.0,0.5841121495327103,0.5151515151515151,2.0,0.5,1.0,2.0,1.0,2.0,0.5,0.25,1.0,0.25,1.0,0.5,2.0,0.5,1.0,4.0,0.5,0.25,2,Generalist
hippowdon,ground,,108,112,118,68,72,47,180,244.0,0.1626168224299065,0.2444444444444444,1.0,2.0,1.0,0.5,2.0,1.0,1.0,2.0,1.0,1.0,1.0,1.0,2.0,1.0,1.0,1.0,2.0,1.0,0,Generalist
hitmonchan,fighting,,50,105,79,35,110,76,140,214.0,0.4794392523364486,0.5,2.0,1.0,1.0,1.0,1.0,2.0,1.0,0.5,1.0,0.5,0.5,0.5,2.0,1.0,1.0,2.0,1.0,0.5,2,Generalist
hitmonlee,fighting,,50,120,53,35,110,87,155,188.0,0.611214953271028,0.5483870967741935,2.0,1.0,1.0,1.0,1.0,2.0,1.0,0.5,1.0,0.5,0.5,0.5,2.0,1.0,1.0,2.0,1.0,0.5,2,Generalist
hitmontop,fighting,,50,95,95,35,110,70,130,230.0,0.3981308411214953,0.4615384615384615,2.0,1.0,1.0,1.0,1.0,2.0,1.0,0.5,1.0,0.5,0.5,0.5,2.0,1.0,1.0,2.0,1.0,0.5,2,Generalist
ho-oh,fire,flying,106,130,90,110,154,90,240,297.0,0.6429906542056075,0.0833333333333333,1.0,0.5,0.5,4.0,0.5,2.0,2.0,1.0,1.0,1.0,1.0,4.0,0.25,1.0,0.5,1.0,1.0,1.0,6,Fast Attacker
honchkrow,dark,flying,100,125,52,105,52,71,230,154.0,0.4289719626168224,0.0869565217391304,1.0,1.0,1.0,2.0,0.5,1.0,1.0,1.0,1.0,1.0,2.0,1.0,0.5,2.0,1.0,0.5,0.5,0.5,3,Generalist
hoopa,psychic,ghost,80,110,60,150,130,70,260,230.0,0.3981308411214953,-0.1538461538461538,1.0,1.0,1.0,1.0,1.0,1.0,2.0,2.0,1.0,1.0,1.0,1.0,1.0,2.0,1.0,0.5,0.5,1.0,11,Fast Attacker
houndoom,dark,fire,75,90,50,110,80,95,200,167.5,0.702803738317757,-0.1,1.0,0.5,0.5,2.0,1.0,2.0,0.5,1.0,1.0,1.0,2.0,1.0,0.5,2.0,0.5,0.5,2.0,0.5,6,Fast Attacker
houndstone,ghost,,72,101,100,50,97,68,151,233.0,0.3663551401869159,0.3377483443708609,1.0,1.0,1.0,1.0,1.0,1.0,1.0,1.0,1.0,1.0,2.0,1.0,1.0,2.0,1.0,0.5,1.0,1.0,3,Generalist
huntail,water,,55,104,105,94,75,52,198,207.5,0.2158878504672897,0.0505050505050505,1.0,2.0,0.5,0.5,1.0,1.0,1.0,1.0,2.0,1.0,1.0,1.0,2.0,1.0,0.5,1.0,2.0,1.0,4,Balanced All-Rounder
hydrapple,grass,dragon,106,80,110,120,80,44,200,243.0,0.1299065420560747,-0.2,1.0,0.5,2.0,0.5,1.0,1.0,1.0,0.5,2.0,0.5,1.0,0.5,2.0,1.0,1.0,1.0,0.25,1.0,7,Balanced All-Rounder
hydreigon,dark,dragon,92,105,90,125,90,98,230,226.0,0.7383177570093458,-0.0869565217391304,1.0,1.0,1.0,1.0,1.0,1.0,0.5,1.0,1.0,1.0,2.0,0.5,1.0,2.0,2.0,0.5,0.5,0.5,1,Defensive Pivot
hypno,psychic,,85,73,70,73,115,67,146,227.5,0.3588785046728971,0.0,1.0,1.0,1.0,1.0,1.0,1.0,2.0,2.0,1.0,1.0,0.5,1.0,1.0,1.0,1.0,1.0,0.5,1.0,11,Fast Attacker
illumise,bug,,65,47,75,73,85,85,120,192.5,0.5841121495327103,-0.2166666666666666,1.0,0.5,1.0,2.0,1.0,1.0,0.5,0.5,1.0,0.5,2.0,1.0,1.0,0.5,1.0,2.0,0.5,0.5,2,Generalist
incineroar,fire,dark,95,115,90,80,90,60,195,227.5,0.2775700934579439,0.1794871794871795,1.0,0.5,0.5,2.0,1.0,2.0,0.5,1.0,1.0,1.0,2.0,1.0,0.5,2.0,0.5,0.5,2.0,0.5,6,Fast Attacker
infernape,fire,fighting,76,104,71,104,71,108,208,180.0,0.8457943925233645,0.0,2.0,0.5,0.5,2.0,1.0,4.0,1.0,0.5,1.0,0.5,0.5,1.0,1.0,1.0,0.5,2.0,2.0,0.5,6,Fast Attacker
inteleon,water,,70,85,65,125,65,120,210,165.0,0.9271028037383178,-0.1904761904761904,1.0,2.0,0.5,0.5,1.0,1.0,1.0,1.0,2.0,1.0,1.0,1.0,2.0,1.0,0.5,1.0,2.0,1.0,4,Balanced All-Rounder
iron-boulder,rock,psychic,90,120,80,68,108,124,188,233.0,0.9467289719626168,0.2765957446808511,1.0,2.0,1.0,1.0,1.0,2.0,1.0,2.0,0.5,2.0,0.5,2.0,1.0,1.0,1.0,1.0,0.25,1.0,9,Defensive Wall
iron-bundle,ice,water,56,80,114,124,60,136,204,202.0,0.9822429906542056,-0.2156862745098039,1.0,1.0,0.25,1.0,1.0,0.5,1.0,1.0,4.0,2.0,1.0,1.0,2.0,1.0,1.0,1.0,1.0,1.0,10,Balanced All-Rounder
iron-crown,steel,psychic,90,72,100,122,108,98,194,253.0,0.7383177570093458,-0.2577319587628865,1.0,0.5,0.5,1.0,0.5,2.0,2.0,2.0,1.0,1.0,0.5,1.0,2.0,1.0,1.0,1.0,0.25,2.0,11,Fast Attacker
iron-hands,fighting,electric,154,140,108,50,68,50,190,253.0,0.1906542056074766,0.4736842105263157,2.0,1.0,2.0,0.5,0.5,2.0,1.0,0.5,1.0,1.0,0.5,0.5,2.0,1.0,0.5,2.0,1.0,0.5,7,Balanced All-Rounder
iron-jugulis,dark,flying,94,80,86,122,80,108,202,213.0,0.8457943925233645,-0.2079207920792079,1.0,1.0,1.0,2.0,0.5,1.0,1.0,1.0,1.0,1.0,2.0,1.0,0.5,2.0,1.0,0.5,0.5,0.5,3,Generalist
iron-leaves,grass,psychic,90,130,88,70,108,104,200,241.0,0.8121495327102803,0.3,1.0,0.5,2.0,0.5,1.0,1.0,2.0,1.0,2.0,0.5,0.5,0.5,2.0,1.0,0.5,1.0,0.25,1.0,7,Balanced All-Rounder
iron-moth,fire,poison,80,70,60,140,110,110,210,210.0,0.8719626168224299,-0.3333333333333333,1.0,0.5,0.5,4.0,1.0,2.0,1.0,0.5,0.5,1.0,1.0,2.0,0.25,0.5,0.5,1.0,2.0,2.0,6,Fast Attacker
iron-thorns,rock,electric,100,134,110,70,84,72,204,244.0,0.4355140186915888,0.3137254901960784,1.0,2.0,2.0,0.5,0.5,2.0,0.5,1.0,0.5,4.0,1.0,2.0,1.0,1.0,0.5,1.0,0.5,1.0,9,Defensive Wall
iron-treads,ground,steel,90,112,120,72,70,106,184,235.0,0.8355140186915888,0.217391304347826,1.0,1.0,0.5,0.5,1.0,2.0,1.0,2.0,1.0,1.0,1.0,1.0,4.0,1.0,1.0,1.0,1.0,2.0,0,Generalist
iron-valiant,fairy,fighting,74,130,90,120,60,116,250,187.0,0.9102803738317756,0.04,2.0,0.5,1.0,1.0,1.0,2.0,2.0,0.5,1.0,0.5,0.5,0.5,2.0,1.0,2.0,4.0,0.5,0.5,2,Generalist
jellicent,water,ghost,100,60,70,85,105,60,145,225.0,0.2775700934579439,-0.1724137931034483,1.0,2.0,0.5,0.5,1.0,1.0,1.0,1.0,2.0,1.0,2.0,1.0,2.0,2.0,0.5,0.5,2.0,1.0,0,Generalist
jirachi,steel,psychic,100,100,100,100,100,100,200,250.0,0.7700934579439253,0.0,1.0,0.5,0.5,1.0,0.5,2.0,2.0,2.0,1.0,1.0,0.5,1.0,2.0,1.0,1.0,1.0,0.25,2.0,11,Fast Attacker
jolteon,electric,,65,65,60,110,95,130,175,187.5,0.966355140186916,-0.2571428571428571,1.0,1.0,2.0,0.5,0.5,1.0,1.0,1.0,1.0,2.0,1.0,1.0,1.0,1.0,0.5,1.0,1.0,1.0,8,Speed Sweeper
jumpluff,grass,flying,75,55,70,55,95,110,110,202.5,0.8719626168224299,0.0,1.0,0.5,2.0,1.0,0.5,1.0,2.0,0.5,2.0,0.5,1.0,1.0,1.0,1.0,0.5,1.0,0.25,1.0,7,Balanced All-Rounder
jynx,ice,psychic,65,50,35,115,95,95,165,162.5,0.702803738317757,-0.3939393939393939,1.0,0.5,0.5,2.0,1.0,0.5,2.0,2.0,2.0,2.0,0.5,1.0,1.0,1.0,2.0,1.0,0.25,1.0,10,Balanced All-Rounder
kabutops,rock,water,60,115,105,65,70,80,180,205.0,0.5214953271028038,0.2777777777777778,1.0,4.0,0.5,0.5,1.0,2.0,0.5,1.0,1.0,2.0,1.0,2.0,2.0,1.0,0.5,1.0,1.0,1.0,5,Defensive Wall
kangaskhan,normal,,105,95,80,40,80,90,135,212.5,0.6429906542056075,0.4074074074074074,1.0,1.0,1.0,1.0,1.0,1.0,1.0,1.0,1.0,1.0,1.0,1.0,0.5,1.0,1.0,1.0,0.5,1.0,3,Generalist
kartana,grass,steel,59,181,131,59,31,109,240,191.5,0.8551401869158879,0.5083333333333333,1.0,0.25,1.0,0.5,0.5,2.0,1.0,0.5,2.0,0.5,1.0,0.5,4.0,1.0,0.5,1.0,0.25,2.0,7,Balanced All-Rounder
kecleon,normal,,60,90,70,60,120,40,150,220.0,0.1065420560747663,0.2,1.0,1.0,1.0,1.0,1.0,1.0,1.0,1.0,1.0,1.0,1.0,1.0,0.5,1.0,1.0,1.0,0.5,1.0,3,Generalist
kilowattrel,electric,flying,70,70,60,105,60,125,175,155.0,0.9532710280373832,-0.2,1.0,1.0,2.0,1.0,0.25,1.0,2.0,1.0,1.0,2.0,1.0,2.0,0.5,1.0,0.5,1.0,0.5,1.0,8,Speed Sweeper
kingambit,dark,steel,100,135,120,60,85,50,195,255.0,0.1906542056074766,0.3846153846153846,1.0,0.5,0.5,1.0,0.5,2.0,0.5,1.0,1.0,1.0,2.0,0.5,2.0,2.0,1.0,0.5,0.5,1.0,3,Generalist
kingdra,water,dragon,75,95,95,95,95,85,190,227.5,0.5841121495327103,0.0,1.0,2.0,0.5,0.5,1.0,1.0,1.0,1.0,2.0,1.0,1.0,1.0,2.0,1.0,1.0,1.0,1.0,1.0,0,Generalist
kingler,water,,55,130,115,50,50,75,180,192.5,0.4616822429906542,0.4444444444444444,1.0,2.0,0.5,0.5,1.0,1.0,1.0,1.0,2.0,1.0,1.0,1.0,2.0,1.0,0.5,1.0,2.0,1.0,4,Balanced All-Rounder
klawf,rock,,70,100,115,35,55,75,135,205.0,0.4616822429906542,0.4814814814814814,1.0,2.0,1.0,1.0,1.0,2.0,0.5,1.0,0.5,2.0,1.0,2.0,1.0,1.0,1.0,1.0,0.5,1.0,9,Defensive Wall
kleavor,bug,rock,70,135,95,45,70,85,180,200.0,0.5841121495327103,0.5,1.0,1.0,1.0,2.0,1.0,2.0,0.25,0.5,0.5,1.0,2.0,2.0,1.0,0.5,1.0,2.0,0.25,0.5,3,Generalist
klefki,steel,fairy,57,80,91,80,87,75,160,206.5,0.4616822429906542,0.0,1.0,0.25,0.5,1.0,0.5,2.0,2.0,1.0,1.0,1.0,1.0,1.0,2.0,1.0,2.0,2.0,0.25,2.0,1,Defensive Pivot
klinklang,steel,,60,100,115,70,85,90,170,230.0,0.6429906542056075,0.1764705882352941,1.0,0.5,0.5,1.0,0.5,2.0,1.0,1.0,1.0,1.0,1.0,1.0,2.0,1.0,1.0,1.0,0.5,2.0,3,Generalist
komala,normal,,65,115,65,75,95,65,190,192.5,0.3289719626168224,0.2105263157894736,1.0,1.0,1.0,1.0,1.0,1.0,1.0,1.0,1.0,1.0,1.0,1.0,0.5,1.0,1.0,1.0,0.5,1.0,3,Generalist
kommo-o,dragon,fighting,75,110,125,100,105,85,210,267.5,0.5841121495327103,0.0476190476190476,2.0,1.0,1.0,1.0,1.0,2.0,1.0,0.5,1.0,0.5,0.5,0.5,2.0,1.0,2.0,2.0,0.5,0.5,2,Generalist
koraidon,fighting,dragon,100,135,115,85,100,135,220,265.0,0.9766355140186916,0.2272727272727272,2.0,1.0,1.0,1.0,1.0,2.0,1.0,0.5,1.0,0.5,0.5,0.5,2.0,1.0,2.0,2.0,0.5,0.5,2,Generalist
kricketune,bug,,77,85,51,55,51,65,140,140.5,0.3289719626168224,0.2142857142857142,1.0,0.5,1.0,2.0,1.0,1.0,0.5,0.5,1.0,0.5,2.0,1.0,1.0,0.5,1.0,2.0,0.5,0.5,2,Generalist
krookodile,ground,dark,95,117,80,65,70,92,182,197.5,0.6757009345794392,0.2857142857142857,1.0,2.0,1.0,0.5,2.0,1.0,0.5,2.0,1.0,1.0,2.0,0.5,2.0,2.0,1.0,0.5,2.0,0.5,0,Generalist
kyogre,water,,100,100,90,150,140,90,250,280.0,0.6429906542056075,-0.2,1.0,2.0,0.5,0.5,1.0,1.0,1.0,1.0,2.0,1.0,1.0,1.0,2.0,1.0,0.5,1.0,2.0,1.0,4,Balanced All-Rounder
kyurem,dragon,ice,125,130,90,130,90,95,260,242.5,0.702803738317757,0.0,1.0,0.5,0.5,2.0,1.0,0.5,1.0,1.0,2.0,2.0,1.0,1.0,1.0,1.0,4.0,1.0,0.25,1.0,10,Balanced All-Rounder
lanturn,water,electric,125,58,58,76,76,67,134,196.5,0.3588785046728971,-0.1343283582089552,1.0,2.0,1.0,0.25,0.5,1.0,1.0,1.0,2.0,2.0,1.0,1.0,2.0,1.0,0.25,1.0,2.0,1.0,8,Speed Sweeper
lapras,water,ice,130,85,80,85,95,60,170,240.0,0.2775700934579439,0.0,1.0,1.0,0.25,1.0,1.0,0.5,1.0,1.0,4.0,2.0,1.0,1.0,2.0,1.0,1.0,1.0,1.0,1.0,10,Balanced All-Rounder
latias,dragon,psychic,80,80,90,110,130,110,190,260.0,0.8719626168224299,-0.1578947368421052,1.0,1.0,1.0,1.0,1.0,1.0,2.0,2.0,1.0,1.0,0.5,1.0,1.0,1.0,2.0,1.0,0.25,1.0,11,Fast Attacker
latios,dragon,psychic,80,90,80,130,110,110,220,230.0,0.8719626168224299,-0.1818181818181818,1.0,1.0,1.0,1.0,1.0,1.0,2.0,2.0,1.0,1.0,0.5,1.0,1.0,1.0,2.0,1.0,0.25,1.0,11,Fast Attacker
leafeon,grass,,65,110,130,60,65,95,170,227.5,0.702803738317757,0.2941176470588235,1.0,0.5,2.0,0.5,1.0,1.0,1.0,0.5,2.0,0.5,1.0,0.5,2.0,1.0,0.5,1.0,0.5,1.0,7,Balanced All-Rounder
leavanny,bug,grass,75,103,80,70,80,92,173,197.5,0.6757009345794392,0.1907514450867052,1.0,0.25,2.0,1.0,1.0,1.0,0.5,0.25,2.0,0.25,2.0,0.5,2.0,0.5,0.5,2.0,0.25,0.5,7,Balanced All-Rounder
ledian,bug,flying,55,35,50,55,110,85,90,187.5,0.5841121495327103,-0.2222222222222222,1.0,0.5,1.0,4.0,0.5,1.0,1.0,0.5,1.0,0.5,2.0,2.0,0.5,0.5,1.0,2.0,0.25,0.5,2,Generalist
lickilicky,normal,,110,85,95,80,95,50,165,245.0,0.1906542056074766,0.0303030303030303,1.0,1.0,1.0,1.0,1.0,1.0,1.0,1.0,1.0,1.0,1.0,1.0,0.5,1.0,1.0,1.0,0.5,1.0,3,Generalist
liepard,dark,,64,88,50,88,50,106,176,132.0,0.8355140186915888,0.0,1.0,1.0,1.0,1.0,1.0,1.0,0.5,1.0,1.0,1.0,2.0,0.5,1.0,2.0,1.0,0.5,1.0,0.5,3,Generalist
lilligant,grass,,70,60,75,110,75,90,170,185.0,0.6429906542056075,-0.2941176470588235,1.0,0.5,2.0,0.5,1.0,1.0,1.0,0.5,2.0,0.5,1.0,0.5,2.0,1.0,0.5,1.0,0.5,1.0,7,Balanced All-Rounder
lokix,bug,dark,71,102,78,52,55,92,154,168.5,0.6757009345794392,0.3246753246753247,1.0,0.5,1.0,2.0,1.0,1.0,0.25,0.5,1.0,0.5,4.0,0.5,1.0,1.0,1.0,1.0,0.5,0.25,2,Generalist
lopunny,normal,,65,76,84,54,96,105,130,212.5,0.8233644859813084,0.1692307692307692,1.0,1.0,1.0,1.0,1.0,1.0,1.0,1.0,1.0,1.0,1.0,1.0,0.5,1.0,1.0,1.0,0.5,1.0,3,Generalist
lucario,fighting,steel,70,110,70,115,70,90,225,175.0,0.6429906542056075,-0.0222222222222222,2.0,0.5,0.5,1.0,0.5,4.0,1.0,0.5,1.0,0.5,0.5,0.5,4.0,1.0,1.0,2.0,0.5,1.0,2,Generalist
ludicolo,water,grass,80,70,70,90,100,70,160,210.0,0.3981308411214953,-0.125,1.0,1.0,1.0,0.25,1.0,1.0,1.0,0.5,4.0,0.5,1.0,0.5,4.0,1.0,0.25,1.0,1.0,1.0,7,Balanced All-Rounder
lugia,psychic,flying,106,90,130,90,154,110,180,337.0,0.8719626168224299,0.0,1.0,1.0,1.0,2.0,0.5,1.0,4.0,2.0,1.0,1.0,0.5,2.0,0.5,1.0,1.0,1.0,0.25,1.0,11,Fast Attacker
lumineon,water,,69,69,76,69,86,91,138,196.5,0.6682242990654206,0.0,1.0,2.0,0.5,0.5,1.0,1.0,1.0,1.0,2.0,1.0,1.0,1.0,2.0,1.0,0.5,1.0,2.0,1.0,4,Balanced All-Rounder
lunala,psychic,ghost,137,113,89,137,107,97,250,264.5,0.7299065420560747,-0.096,1.0,1.0,1.0,1.0,1.0,1.0,2.0,2.0,1.0,1.0,1.0,1.0,1.0,2.0,1.0,0.5,0.5,1.0,11,Fast Attacker
lunatone,rock,psychic,90,55,65,95,85,70,150,195.0,0.3981308411214953,-0.2666666666666666,1.0,2.0,1.0,1.0,1.0,2.0,1.0,2.0,0.5,2.0,0.5,2.0,1.0,1.0,1.0,1.0,0.25,1.0,9,Defensive Wall
lurantis,grass,,70,105,90,80,90,45,185,215.0,0.1457943925233644,0.1351351351351351,1.0,0.5,2.0,0.5,1.0,1.0,1.0,0.5,2.0,0.5,1.0,0.5,2.0,1.0,0.5,1.0,0.5,1.0,7,Balanced All-Rounder
luvdisc,water,,43,30,55,40,65,97,70,141.5,0.7299065420560747,-0.1428571428571428,1.0,2.0,0.5,0.5,1.0,1.0,1.0,1.0,2.0,1.0,1.0,1.0,2.0,1.0,0.5,1.0,2.0,1.0,4,Balanced All-Rounder
luxray,electric,,80,120,79,95,79,70,215,198.0,0.3981308411214953,0.1162790697674418,1.0,1.0,2.0,0.5,0.5,1.0,1.0,1.0,1.0,2.0,1.0,1.0,1.0,1.0,0.5,1.0,1.0,1.0,8,Speed Sweeper
mabosstiff,dark,,80,120,90,60,70,85,180,200.0,0.5841121495327103,0.3333333333333333,1.0,1.0,1.0,1.0,1.0,1.0,0.5,1.0,1.0,1.0,2.0,0.5,1.0,2.0,1.0,0.5,1.0,0.5,3,Generalist
machamp,fighting,,90,130,80,65,85,55,195,210.0,0.2308411214953271,0.3333333333333333,2.0,1.0,1.0,1.0,1.0,2.0,1.0,0.5,1.0,0.5,0.5,0.5,2.0,1.0,1.0,2.0,1.0,0.5,2,Generalist
magcargo,fire,rock,60,50,120,90,80,30,140,230.0,0.0448598130841121,-0.2857142857142857,1.0,1.0,0.5,2.0,1.0,4.0,0.5,1.0,0.5,2.0,1.0,4.0,0.5,1.0,0.5,1.0,1.0,1.0,9,Defensive Wall
magearna,steel,fairy,80,95,115,130,115,65,225,270.0,0.3289719626168224,-0.1555555555555555,1.0,0.25,0.5,1.0,0.5,2.0,2.0,1.0,1.0,1.0,1.0,1.0,2.0,1.0,2.0,2.0,0.25,2.0,1,Defensive Pivot
magmortar,fire,,75,95,67,125,95,83,220,199.5,0.5560747663551402,-0.1363636363636363,1.0,0.5,0.5,2.0,1.0,2.0,1.0,1.0,1.0,1.0,1.0,2.0,0.5,1.0,0.5,1.0,2.0,1.0,6,Fast Attacker
magnezone,electric,steel,70,70,115,130,90,60,200,240.0,0.2775700934579439,-0.3,1.0,0.5,1.0,0.5,0.25,2.0,1.0,1.0,1.0,2.0,1.0,1.0,2.0,1.0,0.5,1.0,0.5,2.0,8,Speed Sweeper
malamar,dark,psychic,86,92,88,68,75,73,160,206.0,0.4401869158878504,0.15,1.0,1.0,1.0,1.0,1.0,1.0,1.0,2.0,1.0,1.0,1.0,0.5,1.0,2.0,1.0,0.5,0.5,0.5,11,Fast Attacker
mamoswine,ice,ground,110,130,80,70,60,80,200,195.0,0.5214953271028038,0.3,1.0,1.0,0.5,1.0,2.0,0.5,1.0,2.0,2.0,2.0,1.0,1.0,2.0,1.0,2.0,1.0,1.0,1.0,10,Balanced All-Rounder
manaphy,water,,100,100,100,100,100,100,200,250.0,0.7700934579439253,0.0,1.0,2.0,0.5,0.5,1.0,1.0,1.0,1.0,2.0,1.0,1.0,1.0,2.0,1.0,0.5,1.0,2.0,1.0,4,Balanced All-Rounder
mandibuzz,dark,flying,110,65,105,55,95,80,120,255.0,0.5214953271028038,0.0833333333333333,1.0,1.0,1.0,2.0,0.5,1.0,1.0,1.0,1.0,1.0,2.0,1.0,0.5,2.0,1.0,0.5,0.5,0.5,3,Generalist
manectric,electric,,70,75,60,105,60,105,180,155.0,0.8233644859813084,-0.1666666666666666,1.0,1.0,2.0,0.5,0.5,1.0,1.0,1.0,1.0,2.0,1.0,1.0,1.0,1.0,0.5,1.0,1.0,1.0,8,Speed Sweeper
mantine,water,flying,85,40,70,80,140,70,120,252.5,0.3981308411214953,-0.3333333333333333,1.0,2.0,0.5,1.0,0.5,1.0,2.0,1.0,2.0,1.0,1.0,2.0,1.0,1.0,0.5,1.0,1.0,1.0,0,Generalist
maractus,grass,,75,86,67,106,67,60,192,171.5,0.2775700934579439,-0.1041666666666666,1.0,0.5,2.0,0.5,1.0,1.0,1.0,0.5,2.0,0.5,1.0,0.5,2.0,1.0,0.5,1.0,0.5,1.0,7,Balanced All-Rounder
marowak,ground,,60,80,110,50,80,45,130,220.0,0.1457943925233644,0.2307692307692307,1.0,2.0,1.0,0.5,2.0,1.0,1.0,2.0,1.0,1.0,1.0,1.0,2.0,1.0,1.0,1.0,2.0,1.0,0,Generalist
marshadow,fighting,ghost,90,125,80,90,90,125,215,215.0,0.9532710280373832,0.1627906976744186,2.0,1.0,1.0,1.0,1.0,2.0,1.0,0.5,1.0,0.5,1.0,0.5,2.0,2.0,1.0,1.0,1.0,0.5,2,Generalist
masquerain,bug,flying,70,60,62,100,82,80,160,179.0,0.5214953271028038,-0.25,1.0,0.5,1.0,4.0,0.5,1.0,1.0,0.5,1.0,0.5,2.0,2.0,0.5,0.5,1.0,2.0,0.25,0.5,2,Generalist
mawile,steel,fairy,50,85,85,55,55,50,140,165.0,0.1906542056074766,0.2142857142857142,1.0,0.25,0.5,1.0,0.5,2.0,2.0,1.0,1.0,1.0,1.0,1.0,2.0,1.0,2.0,2.0,0.25,2.0,1,Defensive Pivot
medicham,fighting,psychic,60,60,75,60,75,80,120,180.0,0.5214953271028038,0.0,2.0,1.0,1.0,1.0,1.0,2.0,2.0,1.0,1.0,0.5,0.25,0.5,2.0,1.0,1.0,2.0,0.5,0.5,2,Generalist
meganium,grass,,80,82,100,83,100,80,165,240.0,0.5214953271028038,-0.006060606060606,1.0,0.5,2.0,0.5,1.0,1.0,1.0,0.5,2.0,0.5,1.0,0.5,2.0,1.0,0.5,1.0,0.5,1.0,7,Balanced All-Rounder
melmetal,steel,,135,143,143,80,65,34,223,275.5,0.0719626168224299,0.2825112107623318,1.0,0.5,0.5,1.0,0.5,2.0,1.0,1.0,1.0,1.0,1.0,1.0,2.0,1.0,1.0,1.0,0.5,2.0,3,Generalist
meltan,steel,,46,65,65,55,35,34,120,123.0,0.0719626168224299,0.0833333333333333,1.0,0.5,0.5,1.0,0.5,2.0,1.0,1.0,1.0,1.0,1.0,1.0,2.0,1.0,1.0,1.0,0.5,2.0,3,Generalist
meowscarada,grass,dark,76,110,70,81,70,123,191,178.0,0.9429906542056076,0.1518324607329843,1.0,0.5,2.0,0.5,1.0,1.0,0.5,0.5,2.0,0.5,2.0,0.25,2.0,2.0,0.5,0.5,0.5,0.5,7,Balanced All-Rounder
mesprit,psychic,,80,105,105,105,105,80,210,250.0,0.5214953271028038,0.0,1.0,1.0,1.0,1.0,1.0,1.0,2.0,2.0,1.0,1.0,0.5,1.0,1.0,1.0,1.0,1.0,0.5,1.0,11,Fast Attacker
metagross,steel,psychic,80,135,130,95,90,70,230,260.0,0.3981308411214953,0.1739130434782608,1.0,0.5,0.5,1.0,0.5,2.0,2.0,2.0,1.0,1.0,0.5,1.0,2.0,1.0,1.0,1.0,0.25,2.0,11,Fast Attacker
mew,psychic,,100,100,100,100,100,100,200,250.0,0.7700934579439253,0.0,1.0,1.0,1.0,1.0,1.0,1.0,2.0,2.0,1.0,1.0,0.5,1.0,1.0,1.0,1.0,1.0,0.5,1.0,11,Fast Attacker
mewtwo,psychic,,106,110,90,154,90,130,264,233.0,0.966355140186916,-0.1666666666666666,1.0,1.0,1.0,1.0,1.0,1.0,2.0,2.0,1.0,1.0,0.5,1.0,1.0,1.0,1.0,1.0,0.5,1.0,11,Fast Attacker
mienshao,fighting,,65,125,60,95,60,105,220,152.5,0.8233644859813084,0.1363636363636363,2.0,1.0,1.0,1.0,1.0,2.0,1.0,0.5,1.0,0.5,0.5,0.5,2.0,1.0,1.0,2.0,1.0,0.5,2,Generalist
mightyena,dark,,70,90,70,60,60,70,150,165.0,0.3981308411214953,0.2,1.0,1.0,1.0,1.0,1.0,1.0,0.5,1.0,1.0,1.0,2.0,0.5,1.0,2.0,1.0,0.5,1.0,0.5,3,Generalist
milotic,water,,95,60,79,100,125,81,160,251.5,0.5495327102803739,-0.25,1.0,2.0,0.5,0.5,1.0,1.0,1.0,1.0,2.0,1.0,1.0,1.0,2.0,1.0,0.5,1.0,2.0,1.0,4,Balanced All-Rounder
miltank,normal,,95,80,105,40,70,100,120,222.5,0.7700934579439253,0.3333333333333333,1.0,1.0,1.0,1.0,1.0,1.0,1.0,1.0,1.0,1.0,1.0,1.0,0.5,1.0,1.0,1.0,0.5,1.0,3,Generalist
minun,electric,,60,40,50,75,85,95,115,165.0,0.702803738317757,-0.3043478260869565,1.0,1.0,2.0,0.5,0.5,1.0,1.0,1.0,1.0,2.0,1.0,1.0,1.0,1.0,0.5,1.0,1.0,1.0,8,Speed Sweeper
miraidon,electric,dragon,100,85,100,135,115,135,220,265.0,0.9766355140186916,-0.2272727272727272,1.0,1.0,2.0,0.5,0.5,1.0,1.0,1.0,1.0,2.0,1.0,1.0,1.0,1.0,1.0,1.0,0.5,1.0,8,Speed Sweeper
mismagius,ghost,,60,60,60,105,105,105,165,195.0,0.8233644859813084,-0.2727272727272727,1.0,1.0,1.0,1.0,1.0,1.0,1.0,1.0,1.0,1.0,2.0,1.0,1.0,2.0,1.0,0.5,1.0,1.0,3,Generalist
moltres,fire,flying,90,100,90,125,85,90,225,220.0,0.6429906542056075,-0.1111111111111111,1.0,0.5,0.5,4.0,0.5,2.0,2.0,1.0,1.0,1.0,1.0,4.0,0.25,1.0,0.5,1.0,1.0,1.0,6,Fast Attacker
mothim,bug,flying,70,94,50,94,50,66,188,135.0,0.3542056074766355,0.0,1.0,0.5,1.0,4.0,0.5,1.0,1.0,0.5,1.0,0.5,2.0,2.0,0.5,0.5,1.0,2.0,0.25,0.5,2,Generalist
mr-rime,ice,psychic,80,85,75,110,100,70,195,215.0,0.3981308411214953,-0.1282051282051282,1.0,0.5,0.5,2.0,1.0,0.5,2.0,2.0,2.0,2.0,0.5,1.0,1.0,1.0,2.0,1.0,0.25,1.0,10,Balanced All-Rounder
mudsdale,ground,,100,125,100,55,85,35,180,235.0,0.0813084112149532,0.3888888888888889,1.0,2.0,1.0,0.5,2.0,1.0,1.0,2.0,1.0,1.0,1.0,1.0,2.0,1.0,1.0,1.0,2.0,1.0,0,Generalist
muk,poison,,105,105,75,65,100,50,170,227.5,0.1906542056074766,0.2352941176470588,1.0,1.0,1.0,2.0,1.0,1.0,1.0,0.5,0.5,1.0,1.0,1.0,0.5,0.5,1.0,1.0,1.0,2.0,3,Generalist
munkidori,poison,psychic,88,75,66,130,90,106,205,200.0,0.8355140186915888,-0.2682926829268293,1.0,1.0,1.0,2.0,1.0,1.0,2.0,1.0,0.5,1.0,0.5,1.0,0.5,0.5,1.0,1.0,0.5,2.0,11,Fast Attacker
musharna,psychic,,116,55,85,107,95,29,162,238.0,0.0242990654205607,-0.3209876543209876,1.0,1.0,1.0,1.0,1.0,1.0,2.0,2.0,1.0,1.0,0.5,1.0,1.0,1.0,1.0,1.0,0.5,1.0,11,Fast Attacker
naganadel,poison,dragon,73,73,73,127,73,121,200,182.5,0.9364485981308412,-0.27,1.0,1.0,1.0,2.0,1.0,1.0,1.0,0.5,0.5,1.0,1.0,1.0,0.5,0.5,2.0,1.0,0.5,2.0,1,Defensive Pivot
necrozma,psychic,,97,107,101,127,89,79,234,238.5,0.4934579439252336,-0.0854700854700854,1.0,1.0,1.0,1.0,1.0,1.0,2.0,2.0,1.0,1.0,0.5,1.0,1.0,1.0,1.0,1.0,0.5,1.0,11,Fast Attacker
nidoking,poison,ground,81,102,77,85,75,85,187,192.5,0.5841121495327103,0.0909090909090909,1.0,2.0,1.0,1.0,2.0,1.0,1.0,1.0,0.5,1.0,1.0,1.0,1.0,0.5,1.0,1.0,2.0,2.0,0,Generalist
nidoqueen,poison,ground,90,92,87,75,85,76,167,217.0,0.4794392523364486,0.1017964071856287,1.0,2.0,1.0,1.0,2.0,1.0,1.0,1.0,0.5,1.0,1.0,1.0,1.0,0.5,1.0,1.0,2.0,2.0,0,Generalist
nihilego,rock,poison,109,53,47,127,131,103,180,232.5,0.8084112149532711,-0.4111111111111111,1.0,2.0,1.0,2.0,1.0,2.0,0.5,0.5,0.25,2.0,1.0,2.0,0.5,0.5,1.0,1.0,0.5,2.0,9,Defensive Wall
ninetales,fire,,73,76,75,81,100,100,157,211.5,0.7700934579439253,-0.0318471337579617,1.0,0.5,0.5,2.0,1.0,2.0,1.0,1.0,1.0,1.0,1.0,2.0,0.5,1.0,0.5,1.0,2.0,1.0,6,Fast Attacker
ninjask,bug,flying,61,90,45,50,50,160,140,125.5,0.9981308411214952,0.2857142857142857,1.0,0.5,1.0,4.0,0.5,1.0,1.0,0.5,1.0,0.5,2.0,2.0,0.5,0.5,1.0,2.0,0.25,0.5,2,Generalist
noctowl,normal,flying,100,50,50,86,96,70,136,196.0,0.3981308411214953,-0.2647058823529412,1.0,1.0,1.0,2.0,0.5,1.0,2.0,1.0,1.0,1.0,1.0,2.0,0.25,1.0,1.0,1.0,0.25,1.0,3,Generalist
noivern,flying,dragon,85,70,80,97,80,123,167,202.5,0.9429906542056076,-0.1616766467065868,1.0,1.0,1.0,2.0,0.5,1.0,2.0,1.0,1.0,1.0,1.0,2.0,0.5,1.0,2.0,1.0,0.25,1.0,1,Defensive Pivot
obstagoon,dark,normal,93,90,101,60,81,95,150,228.5,0.702803738317757,0.2,1.0,1.0,1.0,1.0,1.0,1.0,0.5,1.0,1.0,1.0,2.0,0.5,0.5,2.0,1.0,0.5,0.5,0.5,3,Generalist
octillery,water,,75,105,75,105,75,45,210,187.5,0.1457943925233644,0.0,1.0,2.0,0.5,0.5,1.0,1.0,1.0,1.0,2.0,1.0,1.0,1.0,2.0,1.0,0.5,1.0,2.0,1.0,4,Balanced All-Rounder
ogerpon,grass,,80,120,84,60,96,110,180,220.0,0.8719626168224299,0.3333333333333333,1.0,0.5,2.0,0.5,1.0,1.0,1.0,0.5,2.0,0.5,1.0,0.5,2.0,1.0,0.5,1.0,0.5,1.0,7,Balanced All-Rounder
okidogi,poison,fighting,88,128,115,58,86,80,186,245.0,0.5214953271028038,0.3763440860215054,2.0,1.0,1.0,2.0,1.0,2.0,1.0,0.25,0.5,0.5,0.5,0.5,1.0,0.5,1.0,2.0,1.0,1.0,2,Generalist
omastar,rock,water,70,60,125,115,70,55,175,230.0,0.2308411214953271,-0.3142857142857143,1.0,4.0,0.5,0.5,1.0,2.0,0.5,1.0,1.0,2.0,1.0,2.0,2.0,1.0,0.5,1.0,1.0,1.0,5,Defensive Wall
oranguru,normal,psychic,90,60,80,90,110,60,150,235.0,0.2775700934579439,-0.2,1.0,1.0,1.0,1.0,1.0,1.0,2.0,2.0,1.0,1.0,0.5,1.0,0.5,1.0,1.0,1.0,0.25,1.0,11,Fast Attacker
orbeetle,bug,psychic,60,45,110,80,120,90,125,260.0,0.6429906542056075,-0.28,1.0,0.5,1.0,2.0,1.0,1.0,1.0,1.0,1.0,0.5,1.0,1.0,1.0,0.5,1.0,2.0,0.25,0.5,2,Generalist
orthworm,steel,,70,85,145,60,55,65,145,235.0,0.3289719626168224,0.1724137931034483,1.0,0.5,0.5,1.0,0.5,2.0,1.0,1.0,1.0,1.0,1.0,1.0,2.0,1.0,1.0,1.0,0.5,2.0,3,Generalist
overqwil,dark,poison,85,115,95,65,65,85,180,202.5,0.5841121495327103,0.2777777777777778,1.0,1.0,1.0,2.0,1.0,1.0,0.5,0.5,0.5,1.0,2.0,0.5,0.5,1.0,1.0,0.5,1.0,1.0,3,Generalist
pachirisu,electric,,60,45,70,45,90,95,90,190.0,0.702803738317757,0.0,1.0,1.0,2.0,0.5,0.5,1.0,1.0,1.0,1.0,2.0,1.0,1.0,1.0,1.0,0.5,1.0,1.0,1.0,8,Speed Sweeper
palkia,water,dragon,90,120,100,150,120,100,270,265.0,0.7700934579439253,-0.1111111111111111,1.0,2.0,0.5,0.5,1.0,1.0,1.0,1.0,2.0,1.0,1.0,1.0,2.0,1.0,1.0,1.0,1.0,1.0,0,Generalist
palossand,ghost,ground,85,75,110,100,75,35,175,227.5,0.0813084112149532,-0.1428571428571428,1.0,2.0,1.0,0.5,2.0,1.0,1.0,2.0,1.0,1.0,2.0,1.0,2.0,2.0,1.0,0.5,2.0,1.0,0,Generalist
pangoro,fighting,dark,95,124,78,69,71,58,193,196.5,0.2514018691588785,0.2849740932642487,2.0,1.0,1.0,1.0,1.0,2.0,0.5,0.5,1.0,0.5,1.0,0.25,2.0,2.0,1.0,1.0,1.0,0.25,2,Generalist
parasect,bug,grass,60,95,80,60,80,30,155,190.0,0.0448598130841121,0.2258064516129032,1.0,0.25,2.0,1.0,1.0,1.0,0.5,0.25,2.0,0.25,2.0,0.5,2.0,0.5,0.5,2.0,0.25,0.5,7,Balanced All-Rounder
passimian,fighting,,100,120,90,40,60,80,160,200.0,0.5214953271028038,0.5,2.0,1.0,1.0,1.0,1.0,2.0,1.0,0.5,1.0,0.5,0.5,0.5,2.0,1.0,1.0,2.0,1.0,0.5,2,Generalist
pawmot,electric,fighting,70,115,70,70,60,105,185,165.0,0.8233644859813084,0.2432432432432432,2.0,1.0,2.0,0.5,0.5,2.0,1.0,0.5,1.0,1.0,0.5,0.5,2.0,1.0,0.5,2.0,1.0,0.5,7,Balanced All-Rounder
pecharunt,poison,ghost,88,88,160,88,88,88,176,292.0,0.616822429906542,0.0,1.0,1.0,1.0,2.0,1.0,1.0,1.0,0.5,0.5,1.0,2.0,1.0,0.5,1.0,1.0,0.5,1.0,2.0,3,Generalist
pelipper,water,flying,60,50,100,95,70,65,145,200.0,0.3289719626168224,-0.3103448275862069,1.0,2.0,0.5,1.0,0.5,1.0,2.0,1.0,2.0,1.0,1.0,2.0,1.0,1.0,0.5,1.0,1.0,1.0,0,Generalist
perrserker,steel,,70,110,100,50,60,50,160,195.0,0.1906542056074766,0.375,1.0,0.5,0.5,1.0,0.5,2.0,1.0,1.0,1.0,1.0,1.0,1.0,2.0,1.0,1.0,1.0,0.5,2.0,3,Generalist
persian,normal,,65,70,60,65,65,115,135,157.5,0.9009345794392524,0.037037037037037,1.0,1.0,1.0,1.0,1.0,1.0,1.0,1.0,1.0,1.0,1.0,1.0,0.5,1.0,1.0,1.0,0.5,1.0,3,Generalist
pheromosa,bug,fighting,71,137,37,137,37,151,274,109.5,0.9962616822429906,0.0,2.0,0.5,1.0,2.0,1.0,2.0,0.5,0.25,1.0,0.25,1.0,0.5,2.0,0.5,1.0,4.0,0.5,0.25,2,Generalist
pidgeot,normal,flying,83,80,75,70,70,101,150,186.5,0.797196261682243,0.0666666666666666,1.0,1.0,1.0,2.0,0.5,1.0,2.0,1.0,1.0,1.0,1.0,2.0,0.25,1.0,1.0,1.0,0.25,1.0,3,Generalist
pincurchin,electric,,48,101,95,91,85,15,192,204.0,0.0074766355140186,0.0520833333333333,1.0,1.0,2.0,0.5,0.5,1.0,1.0,1.0,1.0,2.0,1.0,1.0,1.0,1.0,0.5,1.0,1.0,1.0,8,Speed Sweeper
pinsir,bug,,65,125,100,55,70,85,180,202.5,0.5841121495327103,0.3888888888888889,1.0,0.5,1.0,2.0,1.0,1.0,0.5,0.5,1.0,0.5,2.0,1.0,1.0,0.5,1.0,2.0,0.5,0.5,2,Generalist
plusle,electric,,60,50,40,85,75,95,135,145.0,0.702803738317757,-0.2592592592592592,1.0,1.0,2.0,0.5,0.5,1.0,1.0,1.0,1.0,2.0,1.0,1.0,1.0,1.0,0.5,1.0,1.0,1.0,8,Speed Sweeper
politoed,water,,90,75,75,90,100,70,165,220.0,0.3981308411214953,-0.0909090909090909,1.0,2.0,0.5,0.5,1.0,1.0,1.0,1.0,2.0,1.0,1.0,1.0,2.0,1.0,0.5,1.0,2.0,1.0,4,Balanced All-Rounder
poliwrath,water,fighting,90,95,95,70,90,70,165,230.0,0.3981308411214953,0.1515151515151515,2.0,2.0,0.5,0.5,1.0,2.0,1.0,0.5,2.0,0.5,0.5,0.5,4.0,1.0,0.5,2.0,2.0,0.5,4,Balanced All-Rounder
polteageist,ghost,,60,65,65,134,114,70,199,209.0,0.3981308411214953,-0.3467336683417085,1.0,1.0,1.0,1.0,1.0,1.0,1.0,1.0,1.0,1.0,2.0,1.0,1.0,2.0,1.0,0.5,1.0,1.0,3,Generalist
porygon-z,normal,,85,80,70,135,75,90,215,187.5,0.6429906542056075,-0.2558139534883721,1.0,1.0,1.0,1.0,1.0,1.0,1.0,1.0,1.0,1.0,1.0,1.0,0.5,1.0,1.0,1.0,0.5,1.0,3,Generalist
primarina,water,fairy,80,74,74,126,116,60,200,230.0,0.2775700934579439,-0.26,1.0,1.0,0.5,0.5,1.0,1.0,2.0,1.0,2.0,1.0,1.0,1.0,2.0,1.0,1.0,2.0,1.0,1.0,0,Generalist
probopass,rock,steel,60,55,145,75,150,40,130,325.0,0.1065420560747663,-0.1538461538461538,1.0,1.0,0.5,1.0,0.5,4.0,0.5,1.0,0.5,2.0,1.0,2.0,2.0,1.0,1.0,1.0,0.25,2.0,9,Defensive Wall
purugly,normal,,71,82,64,64,59,112,146,158.5,0.888785046728972,0.1232876712328767,1.0,1.0,1.0,1.0,1.0,1.0,1.0,1.0,1.0,1.0,1.0,1.0,0.5,1.0,1.0,1.0,0.5,1.0,3,Generalist
pyukumuku,water,,55,60,130,30,130,5,90,287.5,0.002803738317757,0.3333333333333333,1.0,2.0,0.5,0.5,1.0,1.0,1.0,1.0,2.0,1.0,1.0,1.0,2.0,1.0,0.5,1.0,2.0,1.0,4,Balanced All-Rounder
quagsire,water,ground,95,85,85,65,65,35,150,197.5,0.0813084112149532,0.1333333333333333,1.0,4.0,0.5,0.25,2.0,1.0,1.0,2.0,2.0,1.0,1.0,1.0,4.0,1.0,0.5,1.0,4.0,1.0,4,Balanced All-Rounder
quaquaval,water,fighting,85,120,80,85,75,85,205,197.5,0.5841121495327103,0.1707317073170731,2.0,2.0,0.5,0.5,1.0,2.0,1.0,0.5,2.0,0.5,0.5,0.5,4.0,1.0,0.5,2.0,2.0,0.5,4,Balanced All-Rounder
rabsca,bug,psychic,75,50,85,115,100,45,165,222.5,0.1457943925233644,-0.3939393939393939,1.0,0.5,1.0,2.0,1.0,1.0,1.0,1.0,1.0,0.5,1.0,1.0,1.0,0.5,1.0,2.0,0.25,0.5,2,Generalist
raging-bolt,electric,dragon,125,73,91,137,89,75,210,242.5,0.4616822429906542,-0.3047619047619048,1.0,1.0,2.0,0.5,0.5,1.0,1.0,1.0,1.0,2.0,1.0,1.0,1.0,1.0,1.0,1.0,0.5,1.0,8,Speed Sweeper
raichu,electric,,60,90,55,90,80,110,180,165.0,0.8719626168224299,0.0,1.0,1.0,2.0,0.5,0.5,1.0,1.0,1.0,1.0,2.0,1.0,1.0,1.0,1.0,0.5,1.0,1.0,1.0,8,Speed Sweeper
raikou,electric,,90,85,75,115,100,115,200,220.0,0.9009345794392524,-0.15,1.0,1.0,2.0,0.5,0.5,1.0,1.0,1.0,1.0,2.0,1.0,1.0,1.0,1.0,0.5,1.0,1.0,1.0,8,Speed Sweeper
rampardos,rock,,97,165,60,65,50,58,230,158.5,0.2514018691588785,0.4347826086956521,1.0,2.0,1.0,1.0,1.0,2.0,0.5,1.0,0.5,2.0,1.0,2.0,1.0,1.0,1.0,1.0,0.5,1.0,9,Defensive Wall
rapidash,fire,,65,100,70,80,80,105,180,182.5,0.8233644859813084,0.1111111111111111,1.0,0.5,0.5,2.0,1.0,2.0,1.0,1.0,1.0,1.0,1.0,2.0,0.5,1.0,0.5,1.0,2.0,1.0,6,Fast Attacker
raticate,normal,,55,81,60,50,70,97,131,157.5,0.7299065420560747,0.2366412213740458,1.0,1.0,1.0,1.0,1.0,1.0,1.0,1.0,1.0,1.0,1.0,1.0,0.5,1.0,1.0,1.0,0.5,1.0,3,Generalist
rayquaza,dragon,flying,105,150,90,150,90,95,300,232.5,0.702803738317757,0.0,1.0,1.0,1.0,2.0,0.5,1.0,2.0,1.0,1.0,1.0,1.0,2.0,0.5,1.0,2.0,1.0,0.25,1.0,1,Defensive Pivot
regice,ice,,80,50,100,100,200,50,150,340.0,0.1906542056074766,-0.3333333333333333,1.0,0.5,0.5,2.0,1.0,0.5,1.0,1.0,2.0,2.0,1.0,1.0,1.0,1.0,2.0,1.0,0.5,1.0,10,Balanced All-Rounder
regidrago,dragon,,200,100,50,100,50,80,200,200.0,0.5214953271028038,0.0,1.0,1.0,1.0,1.0,1.0,1.0,1.0,1.0,1.0,1.0,1.0,1.0,1.0,1.0,2.0,1.0,0.5,1.0,1,Defensive Pivot
regieleki,electric,,80,100,50,100,50,200,200,140.0,1.0,0.0,1.0,1.0,2.0,0.5,0.5,1.0,1.0,1.0,1.0,2.0,1.0,1.0,1.0,1.0,0.5,1.0,1.0,1.0,8,Speed Sweeper
regigigas,normal,,110,160,110,80,110,100,240,275.0,0.7700934579439253,0.3333333333333333,1.0,1.0,1.0,1.0,1.0,1.0,1.0,1.0,1.0,1.0,1.0,1.0,0.5,1.0,1.0,1.0,0.5,1.0,3,Generalist
regirock,rock,,80,100,200,50,100,50,150,340.0,0.1906542056074766,0.3333333333333333,1.0,2.0,1.0,1.0,1.0,2.0,0.5,1.0,0.5,2.0,1.0,2.0,1.0,1.0,1.0,1.0,0.5,1.0,9,Defensive Wall
registeel,steel,,80,75,150,75,150,50,150,340.0,0.1906542056074766,0.0,1.0,0.5,0.5,1.0,0.5,2.0,1.0,1.0,1.0,1.0,1.0,1.0,2.0,1.0,1.0,1.0,0.5,2.0,3,Generalist
relicanth,water,rock,100,90,130,45,65,55,135,245.0,0.2308411214953271,0.3333333333333333,1.0,4.0,0.5,0.5,1.0,2.0,0.5,1.0,1.0,2.0,1.0,2.0,2.0,1.0,0.5,1.0,1.0,1.0,5,Defensive Wall
reshiram,dragon,fire,100,120,100,150,120,90,270,270.0,0.6429906542056075,-0.1111111111111111,1.0,0.5,0.5,2.0,1.0,2.0,1.0,1.0,1.0,1.0,1.0,2.0,0.5,1.0,1.0,1.0,1.0,1.0,3,Generalist
reuniclus,psychic,,110,65,75,125,85,30,190,215.0,0.0448598130841121,-0.3157894736842105,1.0,1.0,1.0,1.0,1.0,1.0,2.0,2.0,1.0,1.0,0.5,1.0,1.0,1.0,1.0,1.0,0.5,1.0,11,Fast Attacker
revavroom,steel,poison,80,119,90,54,67,90,173,197.0,0.6429906542056075,0.3757225433526011,1.0,0.5,0.5,2.0,0.5,2.0,1.0,0.5,0.5,1.0,1.0,1.0,1.0,0.5,1.0,1.0,0.5,4.0,3,Generalist
rhyperior,ground,rock,115,140,130,55,55,40,195,242.5,0.1065420560747663,0.4358974358974359,1.0,4.0,1.0,0.5,2.0,2.0,0.5,2.0,0.5,2.0,1.0,2.0,2.0,1.0,1.0,1.0,1.0,1.0,5,Defensive Wall
ribombee,bug,fairy,60,55,60,95,70,124,150,160.0,0.9467289719626168,-0.2666666666666666,1.0,0.25,1.0,2.0,1.0,1.0,1.0,0.5,1.0,0.5,2.0,1.0,1.0,0.5,2.0,4.0,0.25,0.5,2,Generalist
rillaboom,grass,,100,125,90,60,70,85,185,210.0,0.5841121495327103,0.3513513513513513,1.0,0.5,2.0,0.5,1.0,1.0,1.0,0.5,2.0,0.5,1.0,0.5,2.0,1.0,0.5,1.0,0.5,1.0,7,Balanced All-Rounder
roaring-moon,dragon,dark,105,139,71,55,101,119,194,224.5,0.9186915887850468,0.4329896907216495,1.0,1.0,1.0,1.0,1.0,1.0,0.5,1.0,1.0,1.0,2.0,0.5,1.0,2.0,2.0,0.5,0.5,0.5,1,Defensive Pivot
roserade,grass,poison,60,70,65,125,105,90,195,200.0,0.6429906542056075,-0.282051282051282,1.0,0.5,2.0,1.0,1.0,1.0,1.0,0.25,1.0,0.5,1.0,0.5,1.0,0.5,0.5,1.0,0.5,2.0,7,Balanced All-Rounder
rotom,electric,ghost,50,50,77,95,77,91,145,179.0,0.6682242990654206,-0.3103448275862069,1.0,1.0,2.0,0.5,0.5,1.0,1.0,1.0,1.0,2.0,2.0,1.0,1.0,2.0,0.5,0.5,1.0,1.0,8,Speed Sweeper
runerigus,ground,ghost,58,95,145,50,105,30,145,279.0,0.0448598130841121,0.3103448275862069,1.0,2.0,1.0,0.5,2.0,1.0,1.0,2.0,1.0,1.0,2.0,1.0,2.0,2.0,1.0,0.5,2.0,1.0,0,Generalist
sableye,dark,ghost,50,75,75,65,65,50,140,165.0,0.1906542056074766,0.0714285714285714,1.0,1.0,1.0,1.0,1.0,1.0,0.5,1.0,1.0,1.0,4.0,0.5,1.0,4.0,1.0,0.25,1.0,0.5,3,Generalist
salamence,dragon,flying,95,135,80,110,80,100,245,207.5,0.7700934579439253,0.1020408163265306,1.0,1.0,1.0,2.0,0.5,1.0,2.0,1.0,1.0,1.0,1.0,2.0,0.5,1.0,2.0,1.0,0.25,1.0,1,Defensive Pivot
salazzle,poison,fire,68,64,60,111,60,117,175,154.0,0.914018691588785,-0.2685714285714285,1.0,0.5,0.5,4.0,1.0,2.0,1.0,0.5,0.5,1.0,1.0,2.0,0.25,0.5,0.5,1.0,2.0,2.0,6,Fast Attacker
samurott,water,,95,100,85,108,70,70,208,202.5,0.3981308411214953,-0.0384615384615384,1.0,2.0,0.5,0.5,1.0,1.0,1.0,1.0,2.0,1.0,1.0,1.0,2.0,1.0,0.5,1.0,2.0,1.0,4,Balanced All-Rounder
sandaconda,ground,,72,107,125,65,70,71,172,231.0,0.4289719626168224,0.2441860465116279,1.0,2.0,1.0,0.5,2.0,1.0,1.0,2.0,1.0,1.0,1.0,1.0,2.0,1.0,1.0,1.0,2.0,1.0,0,Generalist
sandslash,ground,,75,100,110,45,55,65,145,202.5,0.3289719626168224,0.3793103448275862,1.0,2.0,1.0,0.5,2.0,1.0,1.0,2.0,1.0,1.0,1.0,1.0,2.0,1.0,1.0,1.0,2.0,1.0,0,Generalist
sandy-shocks,electric,ground,85,81,97,121,85,101,202,224.5,0.797196261682243,-0.198019801980198,1.0,2.0,2.0,0.25,1.0,1.0,1.0,2.0,1.0,2.0,1.0,1.0,2.0,1.0,0.5,1.0,2.0,1.0,8,Speed Sweeper
sawk,fighting,,75,125,75,30,75,85,155,187.5,0.5841121495327103,0.6129032258064516,2.0,1.0,1.0,1.0,1.0,2.0,1.0,0.5,1.0,0.5,0.5,0.5,2.0,1.0,1.0,2.0,1.0,0.5,2,Generalist
sawsbuck,normal,grass,80,100,70,60,70,95,160,180.0,0.702803738317757,0.25,1.0,0.5,2.0,0.5,1.0,1.0,1.0,0.5,2.0,0.5,1.0,0.5,1.0,1.0,0.5,1.0,0.25,1.0,7,Balanced All-Rounder
sceptile,grass,,70,85,65,105,85,120,190,185.0,0.9271028037383178,-0.1052631578947368,1.0,0.5,2.0,0.5,1.0,1.0,1.0,0.5,2.0,0.5,1.0,0.5,2.0,1.0,0.5,1.0,0.5,1.0,7,Balanced All-Rounder
scizor,bug,steel,70,130,100,55,80,65,185,215.0,0.3289719626168224,0.4054054054054054,1.0,0.25,0.5,2.0,0.5,2.0,0.5,0.5,1.0,0.5,2.0,1.0,2.0,0.5,1.0,2.0,0.25,1.0,2,Generalist
scolipede,bug,poison,60,100,89,55,69,112,155,188.0,0.888785046728972,0.2903225806451613,1.0,0.5,1.0,4.0,1.0,1.0,0.5,0.25,0.5,0.5,2.0,1.0,0.5,0.25,1.0,2.0,0.5,1.0,2,Generalist
scovillain,grass,fire,65,108,65,108,65,75,216,162.5,0.4616822429906542,0.0,1.0,0.25,1.0,1.0,1.0,2.0,1.0,0.5,2.0,0.5,1.0,1.0,1.0,1.0,0.25,1.0,1.0,1.0,2,Generalist
scrafty,dark,fighting,65,90,115,45,115,58,135,262.5,0.2514018691588785,0.3333333333333333,2.0,1.0,1.0,1.0,1.0,2.0,0.5,0.5,1.0,0.5,1.0,0.25,2.0,2.0,1.0,1.0,1.0,0.25,2,Generalist
scream-tail,fairy,psychic,115,65,99,65,115,111,130,271.5,0.8859813084112149,0.0,1.0,0.5,1.0,1.0,1.0,1.0,4.0,2.0,1.0,1.0,0.5,1.0,1.0,1.0,2.0,2.0,0.25,1.0,11,Fast Attacker
seaking,water,,80,92,65,65,80,68,157,185.0,0.3663551401869159,0.1719745222929936,1.0,2.0,0.5,0.5,1.0,1.0,1.0,1.0,2.0,1.0,1.0,1.0,2.0,1.0,0.5,1.0,2.0,1.0,4,Balanced All-Rounder
seismitoad,water,ground,105,95,75,85,75,74,180,202.5,0.4439252336448598,0.0555555555555555,1.0,4.0,0.5,0.25,2.0,1.0,1.0,2.0,2.0,1.0,1.0,1.0,4.0,1.0,0.5,1.0,4.0,1.0,4,Balanced All-Rounder
serperior,grass,,75,75,95,75,95,113,150,227.5,0.891588785046729,0.0,1.0,0.5,2.0,0.5,1.0,1.0,1.0,0.5,2.0,0.5,1.0,0.5,2.0,1.0,0.5,1.0,0.5,1.0,7,Balanced All-Rounder
seviper,poison,,73,100,60,100,60,65,200,156.5,0.3289719626168224,0.0,1.0,1.0,1.0,2.0,1.0,1.0,1.0,0.5,0.5,1.0,1.0,1.0,0.5,0.5,1.0,1.0,1.0,2.0,3,Generalist
sharpedo,water,dark,70,120,40,95,40,95,215,115.0,0.702803738317757,0.1162790697674418,1.0,2.0,0.5,0.5,1.0,1.0,0.5,1.0,2.0,1.0,2.0,0.5,2.0,2.0,0.5,0.5,2.0,0.5,0,Generalist
shedinja,bug,ghost,1,90,45,30,30,40,120,75.5,0.1065420560747663,0.5,1.0,0.5,1.0,2.0,1.0,1.0,0.5,0.5,1.0,0.5,4.0,1.0,1.0,1.0,1.0,1.0,0.5,0.5,2,Generalist
shiftry,grass,dark,90,100,60,90,60,80,190,165.0,0.5214953271028038,0.0526315789473684,1.0,0.5,2.0,0.5,1.0,1.0,0.5,0.5,2.0,0.5,2.0,0.25,2.0,2.0,0.5,0.5,0.5,0.5,7,Balanced All-Rounder
shiinotic,grass,fairy,60,45,80,90,100,30,135,210.0,0.0448598130841121,-0.3333333333333333,1.0,0.25,2.0,0.5,1.0,1.0,2.0,0.5,2.0,0.5,1.0,0.5,2.0,1.0,1.0,2.0,0.25,1.0,7,Balanced All-Rounder
shuckle,bug,rock,20,10,230,10,230,5,20,470.0,0.002803738317757,0.0,1.0,1.0,1.0,2.0,1.0,2.0,0.25,0.5,0.5,1.0,2.0,2.0,1.0,0.5,1.0,2.0,0.25,0.5,3,Generalist
sigilyph,psychic,flying,72,58,80,103,80,97,161,196.0,0.7299065420560747,-0.2795031055900621,1.0,1.0,1.0,2.0,0.5,1.0,4.0,2.0,1.0,1.0,0.5,2.0,0.5,1.0,1.0,1.0,0.25,1.0,11,Fast Attacker
silvally,normal,,95,95,95,95,95,95,190,237.5,0.702803738317757,0.0,1.0,1.0,1.0,1.0,1.0,1.0,1.0,1.0,1.0,1.0,1.0,1.0,0.5,1.0,1.0,1.0,0.5,1.0,3,Generalist
simipour,water,,75,98,63,98,63,101,196,163.5,0.797196261682243,0.0,1.0,2.0,0.5,0.5,1.0,1.0,1.0,1.0,2.0,1.0,1.0,1.0,2.0,1.0,0.5,1.0,2.0,1.0,4,Balanced All-Rounder
simisage,grass,,75,98,63,98,63,101,196,163.5,0.797196261682243,0.0,1.0,0.5,2.0,0.5,1.0,1.0,1.0,0.5,2.0,0.5,1.0,0.5,2.0,1.0,0.5,1.0,0.5,1.0,7,Balanced All-Rounder
simisear,fire,,75,98,63,98,63,101,196,163.5,0.797196261682243,0.0,1.0,0.5,0.5,2.0,1.0,2.0,1.0,1.0,1.0,1.0,1.0,2.0,0.5,1.0,0.5,1.0,2.0,1.0,6,Fast Attacker
sinistcha,grass,ghost,71,60,106,121,80,70,181,221.5,0.3981308411214953,-0.3370165745856354,1.0,0.5,2.0,0.5,1.0,1.0,1.0,0.5,2.0,0.5,2.0,0.5,2.0,2.0,0.5,0.5,0.5,1.0,7,Balanced All-Rounder
sirfetchd,fighting,,62,135,95,68,82,65,203,208.0,0.3289719626168224,0.3300492610837438,2.0,1.0,1.0,1.0,1.0,2.0,1.0,0.5,1.0,0.5,0.5,0.5,2.0,1.0,1.0,2.0,1.0,0.5,2,Generalist
skarmory,steel,flying,65,80,140,40,70,70,120,242.5,0.3981308411214953,0.3333333333333333,1.0,0.5,0.5,2.0,0.25,2.0,2.0,1.0,1.0,1.0,1.0,2.0,1.0,1.0,1.0,1.0,0.25,2.0,3,Generalist
skeledirge,fire,ghost,104,75,100,110,75,66,185,227.0,0.3542056074766355,-0.1891891891891892,1.0,0.5,0.5,2.0,1.0,2.0,1.0,1.0,1.0,1.0,2.0,2.0,0.5,2.0,0.5,0.5,2.0,1.0,6,Fast Attacker
skuntank,poison,dark,103,93,67,71,61,84,164,179.5,0.5598130841121496,0.1341463414634146,1.0,1.0,1.0,2.0,1.0,1.0,0.5,0.5,0.5,1.0,2.0,0.5,0.5,1.0,1.0,0.5,1.0,1.0,3,Generalist
slaking,normal,,150,160,100,95,65,100,255,240.0,0.7700934579439253,0.2549019607843137,1.0,1.0,1.0,1.0,1.0,1.0,1.0,1.0,1.0,1.0,1.0,1.0,0.5,1.0,1.0,1.0,0.5,1.0,3,Generalist
slither-wing,bug,fighting,85,135,79,85,105,81,220,226.5,0.5495327102803739,0.2272727272727272,2.0,0.5,1.0,2.0,1.0,2.0,0.5,0.25,1.0,0.25,1.0,0.5,2.0,0.5,1.0,4.0,0.5,0.25,2,Generalist
slowbro,water,psychic,95,75,110,100,80,30,175,237.5,0.0448598130841121,-0.1428571428571428,1.0,2.0,0.5,0.5,1.0,1.0,2.0,2.0,2.0,1.0,0.5,1.0,2.0,1.0,0.5,1.0,1.0,1.0,0,Generalist
slowking,water,psychic,95,75,80,100,110,30,175,237.5,0.0448598130841121,-0.1428571428571428,1.0,2.0,0.5,0.5,1.0,1.0,2.0,2.0,2.0,1.0,0.5,1.0,2.0,1.0,0.5,1.0,1.0,1.0,0,Generalist
slurpuff,fairy,,82,80,86,85,75,72,165,202.0,0.4355140186915888,-0.0303030303030303,1.0,0.5,1.0,1.0,1.0,1.0,2.0,1.0,1.0,1.0,1.0,1.0,1.0,1.0,2.0,2.0,0.5,1.0,1,Defensive Pivot
smeargle,normal,,55,20,35,20,45,75,40,107.5,0.4616822429906542,0.0,1.0,1.0,1.0,1.0,1.0,1.0,1.0,1.0,1.0,1.0,1.0,1.0,0.5,1.0,1.0,1.0,0.5,1.0,3,Generalist
sneasler,fighting,poison,80,130,60,40,80,120,170,180.0,0.9271028037383178,0.5294117647058824,2.0,1.0,1.0,2.0,1.0,2.0,1.0,0.25,0.5,0.5,0.5,0.5,1.0,0.5,1.0,2.0,1.0,1.0,2,Generalist
snorlax,normal,,160,110,65,65,110,30,175,255.0,0.0448598130841121,0.2571428571428571,1.0,1.0,1.0,1.0,1.0,1.0,1.0,1.0,1.0,1.0,1.0,1.0,0.5,1.0,1.0,1.0,0.5,1.0,3,Generalist
solgaleo,psychic,steel,137,137,107,113,89,97,250,264.5,0.7299065420560747,0.096,1.0,0.5,0.5,1.0,0.5,2.0,2.0,2.0,1.0,1.0,0.5,1.0,2.0,1.0,1.0,1.0,0.25,2.0,11,Fast Attacker
solrock,rock,psychic,90,95,85,55,65,70,150,195.0,0.3981308411214953,0.2666666666666666,1.0,2.0,1.0,1.0,1.0,2.0,1.0,2.0,0.5,2.0,0.5,2.0,1.0,1.0,1.0,1.0,0.25,1.0,9,Defensive Wall
spectrier,ghost,,100,65,60,145,80,130,210,190.0,0.966355140186916,-0.3809523809523809,1.0,1.0,1.0,1.0,1.0,1.0,1.0,1.0,1.0,1.0,2.0,1.0,1.0,2.0,1.0,0.5,1.0,1.0,3,Generalist
spidops,bug,,60,79,92,52,86,35,131,208.0,0.0813084112149532,0.2061068702290076,1.0,0.5,1.0,2.0,1.0,1.0,0.5,0.5,1.0,0.5,2.0,1.0,1.0,0.5,1.0,2.0,0.5,0.5,2,Generalist
spinda,normal,,60,60,60,60,60,60,120,150.0,0.2775700934579439,0.0,1.0,1.0,1.0,1.0,1.0,1.0,1.0,1.0,1.0,1.0,1.0,1.0,0.5,1.0,1.0,1.0,0.5,1.0,3,Generalist
spiritomb,ghost,dark,50,92,108,92,108,35,184,241.0,0.0813084112149532,0.0,1.0,1.0,1.0,1.0,1.0,1.0,0.5,1.0,1.0,1.0,4.0,0.5,1.0,4.0,1.0,0.25,1.0,0.5,3,Generalist
stakataka,rock,steel,61,131,211,53,101,13,184,342.5,0.005607476635514,0.4239130434782608,1.0,1.0,0.5,1.0,0.5,4.0,0.5,1.0,0.5,2.0,1.0,2.0,2.0,1.0,1.0,1.0,0.25,2.0,9,Defensive Wall
staraptor,normal,flying,85,120,70,50,60,100,170,172.5,0.7700934579439253,0.4117647058823529,1.0,1.0,1.0,2.0,0.5,1.0,2.0,1.0,1.0,1.0,1.0,2.0,0.25,1.0,1.0,1.0,0.25,1.0,3,Generalist
starmie,water,psychic,60,75,85,100,85,115,175,200.0,0.9009345794392524,-0.1428571428571428,1.0,2.0,0.5,0.5,1.0,1.0,2.0,2.0,2.0,1.0,0.5,1.0,2.0,1.0,0.5,1.0,1.0,1.0,0,Generalist
steelix,steel,ground,75,85,200,55,65,30,140,302.5,0.0448598130841121,0.2142857142857142,1.0,1.0,0.5,0.5,1.0,2.0,1.0,2.0,1.0,1.0,1.0,1.0,4.0,1.0,1.0,1.0,1.0,2.0,0,Generalist
stonjourner,rock,,100,125,135,20,20,70,145,205.0,0.3981308411214953,0.7241379310344828,1.0,2.0,1.0,1.0,1.0,2.0,0.5,1.0,0.5,2.0,1.0,2.0,1.0,1.0,1.0,1.0,0.5,1.0,9,Defensive Wall
stoutland,normal,,85,110,90,45,90,80,155,222.5,0.5214953271028038,0.4193548387096774,1.0,1.0,1.0,1.0,1.0,1.0,1.0,1.0,1.0,1.0,1.0,1.0,0.5,1.0,1.0,1.0,0.5,1.0,3,Generalist
stunfisk,ground,electric,109,66,84,81,99,32,147,237.5,0.0644859813084112,-0.1020408163265306,1.0,2.0,2.0,0.25,1.0,1.0,1.0,2.0,1.0,2.0,1.0,1.0,2.0,1.0,0.5,1.0,2.0,1.0,8,Speed Sweeper
sudowoodo,rock,,70,100,115,30,65,30,130,215.0,0.0448598130841121,0.5384615384615384,1.0,2.0,1.0,1.0,1.0,2.0,0.5,1.0,0.5,2.0,1.0,2.0,1.0,1.0,1.0,1.0,0.5,1.0,9,Defensive Wall
suicune,water,,100,75,115,90,115,85,165,280.0,0.5841121495327103,-0.0909090909090909,1.0,2.0,0.5,0.5,1.0,1.0,1.0,1.0,2.0,1.0,1.0,1.0,2.0,1.0,0.5,1.0,2.0,1.0,4,Balanced All-Rounder
sunflora,grass,,75,75,55,105,85,30,180,177.5,0.0448598130841121,-0.1666666666666666,1.0,0.5,2.0,0.5,1.0,1.0,1.0,0.5,2.0,0.5,1.0,0.5,2.0,1.0,0.5,1.0,0.5,1.0,7,Balanced All-Rounder
swalot,poison,,100,73,83,73,83,55,146,216.0,0.2308411214953271,0.0,1.0,1.0,1.0,2.0,1.0,1.0,1.0,0.5,0.5,1.0,1.0,1.0,0.5,0.5,1.0,1.0,1.0,2.0,3,Generalist
swampert,water,ground,100,110,90,85,90,60,195,230.0,0.2775700934579439,0.1282051282051282,1.0,4.0,0.5,0.25,2.0,1.0,1.0,2.0,2.0,1.0,1.0,1.0,4.0,1.0,0.5,1.0,4.0,1.0,4,Balanced All-Rounder
swanna,water,flying,75,87,63,87,63,98,174,163.5,0.7383177570093458,0.0,1.0,2.0,0.5,1.0,0.5,1.0,2.0,1.0,2.0,1.0,1.0,2.0,1.0,1.0,0.5,1.0,1.0,1.0,0,Generalist
swellow,normal,flying,60,85,60,75,50,125,160,140.0,0.9532710280373832,0.0625,1.0,1.0,1.0,2.0,0.5,1.0,2.0,1.0,1.0,1.0,1.0,2.0,0.25,1.0,1.0,1.0,0.25,1.0,3,Generalist
swoobat,psychic,flying,67,57,55,77,55,114,134,143.5,0.8934579439252337,-0.1492537313432835,1.0,1.0,1.0,2.0,0.5,1.0,4.0,2.0,1.0,1.0,0.5,2.0,0.5,1.0,1.0,1.0,0.25,1.0,11,Fast Attacker
sylveon,fairy,,95,65,65,110,130,60,175,242.5,0.2775700934579439,-0.2571428571428571,1.0,0.5,1.0,1.0,1.0,1.0,2.0,1.0,1.0,1.0,1.0,1.0,1.0,1.0,2.0,2.0,0.5,1.0,1,Defensive Pivot
talonflame,fire,flying,78,81,71,74,69,126,155,179.0,0.9588785046728971,0.0451612903225806,1.0,0.5,0.5,4.0,0.5,2.0,2.0,1.0,1.0,1.0,1.0,4.0,0.25,1.0,0.5,1.0,1.0,1.0,6,Fast Attacker
tangrowth,grass,,100,100,125,110,50,50,210,225.0,0.1906542056074766,-0.0476190476190476,1.0,0.5,2.0,0.5,1.0,1.0,1.0,0.5,2.0,0.5,1.0,0.5,2.0,1.0,0.5,1.0,0.5,1.0,7,Balanced All-Rounder
tapu-bulu,grass,fairy,70,130,115,85,95,75,215,245.0,0.4616822429906542,0.2093023255813953,1.0,0.25,2.0,0.5,1.0,1.0,2.0,0.5,2.0,0.5,1.0,0.5,2.0,1.0,1.0,2.0,0.25,1.0,7,Balanced All-Rounder
tapu-fini,water,fairy,70,75,115,95,130,85,170,280.0,0.5841121495327103,-0.1176470588235294,1.0,1.0,0.5,0.5,1.0,1.0,2.0,1.0,2.0,1.0,1.0,1.0,2.0,1.0,1.0,2.0,1.0,1.0,0,Generalist
tapu-koko,electric,fairy,70,115,85,95,75,130,210,195.0,0.966355140186916,0.0952380952380952,1.0,0.5,2.0,0.5,0.5,1.0,2.0,1.0,1.0,2.0,1.0,1.0,1.0,1.0,1.0,2.0,0.5,1.0,8,Speed Sweeper
tapu-lele,psychic,fairy,70,85,75,130,115,95,215,225.0,0.702803738317757,-0.2093023255813953,1.0,0.5,1.0,1.0,1.0,1.0,4.0,2.0,1.0,1.0,0.5,1.0,1.0,1.0,2.0,2.0,0.25,1.0,11,Fast Attacker
tauros,normal,,75,100,95,40,70,110,140,202.5,0.8719626168224299,0.4285714285714285,1.0,1.0,1.0,1.0,1.0,1.0,1.0,1.0,1.0,1.0,1.0,1.0,0.5,1.0,1.0,1.0,0.5,1.0,3,Generalist
tentacruel,water,poison,80,70,65,80,120,100,150,225.0,0.7700934579439253,-0.0666666666666666,1.0,2.0,0.5,1.0,1.0,1.0,1.0,0.5,1.0,1.0,1.0,1.0,1.0,0.5,0.5,1.0,2.0,2.0,0,Generalist
terapagos,normal,,90,65,85,65,85,60,130,215.0,0.2775700934579439,0.0,1.0,1.0,1.0,1.0,1.0,1.0,1.0,1.0,1.0,1.0,1.0,1.0,0.5,1.0,1.0,1.0,0.5,1.0,3,Generalist
terrakion,rock,fighting,91,129,90,72,90,108,201,225.5,0.8457943925233645,0.2835820895522388,2.0,2.0,1.0,1.0,1.0,4.0,0.5,0.5,0.5,1.0,0.5,1.0,2.0,1.0,1.0,2.0,0.5,0.5,3,Generalist
thievul,dark,,70,58,58,87,92,90,145,185.0,0.6429906542056075,-0.2,1.0,1.0,1.0,1.0,1.0,1.0,0.5,1.0,1.0,1.0,2.0,0.5,1.0,2.0,1.0,0.5,1.0,0.5,3,Generalist
throh,fighting,,120,100,85,30,85,45,130,230.0,0.1457943925233644,0.5384615384615384,2.0,1.0,1.0,1.0,1.0,2.0,1.0,0.5,1.0,0.5,0.5,0.5,2.0,1.0,1.0,2.0,1.0,0.5,2,Generalist
ting-lu,dark,ground,155,110,125,55,80,45,165,282.5,0.1457943925233644,0.3333333333333333,1.0,2.0,1.0,0.5,2.0,1.0,0.5,2.0,1.0,1.0,2.0,0.5,2.0,2.0,1.0,0.5,2.0,0.5,0,Generalist
tinkaton,fairy,steel,85,75,77,70,105,94,145,224.5,0.6822429906542056,0.0344827586206896,1.0,0.25,0.5,1.0,0.5,2.0,2.0,1.0,1.0,1.0,1.0,1.0,2.0,1.0,2.0,2.0,0.25,2.0,1,Defensive Pivot
toedscruel,ground,grass,80,70,65,80,120,100,150,225.0,0.7700934579439253,-0.0666666666666666,1.0,1.0,2.0,0.25,2.0,1.0,1.0,1.0,2.0,0.5,1.0,0.5,4.0,1.0,0.5,1.0,1.0,1.0,7,Balanced All-Rounder
togedemaru,electric,steel,65,98,63,40,73,96,138,168.5,0.7233644859813084,0.4202898550724637,1.0,0.5,1.0,0.5,0.25,2.0,1.0,1.0,1.0,2.0,1.0,1.0,2.0,1.0,0.5,1.0,0.5,2.0,8,Speed Sweeper
togekiss,fairy,flying,85,50,95,120,115,80,170,252.5,0.5214953271028038,-0.4117647058823529,1.0,0.5,1.0,2.0,0.5,1.0,4.0,1.0,1.0,1.0,1.0,2.0,0.5,1.0,2.0,2.0,0.25,1.0,1,Defensive Pivot
torkoal,fire,,70,85,140,85,70,20,170,245.0,0.0130841121495327,0.0,1.0,0.5,0.5,2.0,1.0,2.0,1.0,1.0,1.0,1.0,1.0,2.0,0.5,1.0,0.5,1.0,2.0,1.0,6,Fast Attacker
torterra,grass,ground,95,109,105,75,85,56,184,237.5,0.2457943925233645,0.1847826086956521,1.0,1.0,2.0,0.25,2.0,1.0,1.0,1.0,2.0,0.5,1.0,0.5,4.0,1.0,0.5,1.0,1.0,1.0,7,Balanced All-Rounder
toucannon,normal,flying,80,120,75,75,75,60,195,190.0,0.2775700934579439,0.2307692307692307,1.0,1.0,1.0,2.0,0.5,1.0,2.0,1.0,1.0,1.0,1.0,2.0,0.25,1.0,1.0,1.0,0.25,1.0,3,Generalist
toxapex,poison,water,50,63,152,53,142,35,116,319.0,0.0813084112149532,0.0862068965517241,1.0,2.0,0.5,1.0,1.0,1.0,1.0,0.5,1.0,1.0,1.0,1.0,1.0,0.5,0.5,1.0,2.0,2.0,0,Generalist
toxicroak,poison,fighting,83,106,65,86,65,85,192,171.5,0.5841121495327103,0.1041666666666666,2.0,1.0,1.0,2.0,1.0,2.0,1.0,0.25,0.5,0.5,0.5,0.5,1.0,0.5,1.0,2.0,1.0,1.0,2,Generalist
trevenant,ghost,grass,85,110,76,65,82,56,175,200.5,0.2457943925233645,0.2571428571428571,1.0,0.5,2.0,0.5,1.0,1.0,1.0,0.5,2.0,0.5,2.0,0.5,2.0,2.0,0.5,0.5,0.5,1.0,7,Balanced All-Rounder
tropius,grass,flying,99,68,83,72,87,51,140,219.5,0.2130841121495327,-0.0285714285714285,1.0,0.5,2.0,1.0,0.5,1.0,2.0,0.5,2.0,0.5,1.0,1.0,1.0,1.0,0.5,1.0,0.25,1.0,7,Balanced All-Rounder
tsareena,grass,,72,120,98,50,98,72,170,232.0,0.4355140186915888,0.4117647058823529,1.0,0.5,2.0,0.5,1.0,1.0,1.0,0.5,2.0,0.5,1.0,0.5,2.0,1.0,0.5,1.0,0.5,1.0,7,Balanced All-Rounder
turtonator,fire,dragon,60,78,135,91,85,36,169,250.0,0.0906542056074766,-0.0769230769230769,1.0,0.5,0.5,2.0,1.0,2.0,1.0,1.0,1.0,1.0,1.0,2.0,0.5,1.0,1.0,1.0,1.0,1.0,3,Generalist
typhlosion,fire,,78,84,78,109,85,100,193,202.0,0.7700934579439253,-0.1295336787564766,1.0,0.5,0.5,2.0,1.0,2.0,1.0,1.0,1.0,1.0,1.0,2.0,0.5,1.0,0.5,1.0,2.0,1.0,6,Fast Attacker
tyranitar,rock,dark,100,134,110,95,100,61,229,260.0,0.3,0.1703056768558952,1.0,2.0,1.0,1.0,1.0,2.0,0.25,1.0,0.5,2.0,2.0,1.0,1.0,2.0,1.0,0.5,0.5,0.5,9,Defensive Wall
tyrantrum,rock,dragon,82,121,119,69,59,71,190,219.0,0.4289719626168224,0.2736842105263158,1.0,2.0,1.0,1.0,1.0,2.0,0.5,1.0,0.5,2.0,1.0,2.0,1.0,1.0,2.0,1.0,0.25,1.0,9,Defensive Wall
umbreon,dark,,95,65,110,60,130,65,125,287.5,0.3289719626168224,0.04,1.0,1.0,1.0,1.0,1.0,1.0,0.5,1.0,1.0,1.0,2.0,0.5,1.0,2.0,1.0,0.5,1.0,0.5,3,Generalist
unfezant,normal,flying,80,115,80,65,55,93,180,175.0,0.680373831775701,0.2777777777777778,1.0,1.0,1.0,2.0,0.5,1.0,2.0,1.0,1.0,1.0,1.0,2.0,0.25,1.0,1.0,1.0,0.25,1.0,3,Generalist
unown,psychic,,48,72,48,72,48,48,144,120.0,0.1663551401869158,0.0,1.0,1.0,1.0,1.0,1.0,1.0,2.0,2.0,1.0,1.0,0.5,1.0,1.0,1.0,1.0,1.0,0.5,1.0,11,Fast Attacker
ursaluna,ground,normal,130,140,105,45,80,50,185,250.0,0.1906542056074766,0.5135135135135135,1.0,2.0,1.0,0.5,2.0,1.0,1.0,2.0,1.0,1.0,1.0,1.0,1.0,1.0,1.0,1.0,1.0,1.0,0,Generalist
uxie,psychic,,75,75,130,75,130,95,150,297.5,0.702803738317757,0.0,1.0,1.0,1.0,1.0,1.0,1.0,2.0,2.0,1.0,1.0,0.5,1.0,1.0,1.0,1.0,1.0,0.5,1.0,11,Fast Attacker
vanilluxe,ice,,71,95,85,110,95,79,205,215.5,0.4934579439252336,-0.073170731707317,1.0,0.5,0.5,2.0,1.0,0.5,1.0,1.0,2.0,2.0,1.0,1.0,1.0,1.0,2.0,1.0,0.5,1.0,10,Balanced All-Rounder
vaporeon,water,,130,65,60,110,95,65,175,220.0,0.3289719626168224,-0.2571428571428571,1.0,2.0,0.5,0.5,1.0,1.0,1.0,1.0,2.0,1.0,1.0,1.0,2.0,1.0,0.5,1.0,2.0,1.0,4,Balanced All-Rounder
veluza,water,psychic,90,102,73,78,65,70,180,183.0,0.3981308411214953,0.1333333333333333,1.0,2.0,0.5,0.5,1.0,1.0,2.0,2.0,2.0,1.0,0.5,1.0,2.0,1.0,0.5,1.0,1.0,1.0,0,Generalist
venomoth,bug,poison,70,65,60,90,75,90,155,170.0,0.6429906542056075,-0.1612903225806451,1.0,0.5,1.0,4.0,1.0,1.0,0.5,0.25,0.5,0.5,2.0,1.0,0.5,0.25,1.0,2.0,0.5,1.0,2,Generalist
venusaur,grass,poison,80,82,83,100,100,80,182,223.0,0.5214953271028038,-0.0989010989010989,1.0,0.5,2.0,1.0,1.0,1.0,1.0,0.25,1.0,0.5,1.0,0.5,1.0,0.5,0.5,1.0,0.5,2.0,7,Balanced All-Rounder
vespiquen,bug,flying,70,80,102,80,102,40,160,239.0,0.1065420560747663,0.0,1.0,0.5,1.0,4.0,0.5,1.0,1.0,0.5,1.0,0.5,2.0,2.0,0.5,0.5,1.0,2.0,0.25,0.5,2,Generalist
victini,psychic,fire,100,100,100,100,100,100,200,250.0,0.7700934579439253,0.0,1.0,0.5,0.5,2.0,1.0,2.0,2.0,2.0,1.0,1.0,0.5,2.0,0.5,1.0,0.5,1.0,1.0,1.0,11,Fast Attacker
victreebel,grass,poison,80,105,65,100,70,70,205,175.0,0.3981308411214953,0.024390243902439,1.0,0.5,2.0,1.0,1.0,1.0,1.0,0.25,1.0,0.5,1.0,0.5,1.0,0.5,0.5,1.0,0.5,2.0,7,Balanced All-Rounder
vikavolt,bug,electric,77,70,90,145,75,43,215,203.5,0.1242990654205607,-0.3488372093023256,1.0,0.5,2.0,1.0,0.5,1.0,0.5,0.5,1.0,1.0,2.0,1.0,1.0,0.5,0.5,2.0,0.5,0.5,7,Balanced All-Rounder
vileplume,grass,poison,75,80,85,110,90,50,190,212.5,0.1906542056074766,-0.1578947368421052,1.0,0.5,2.0,1.0,1.0,1.0,1.0,0.25,1.0,0.5,1.0,0.5,1.0,0.5,0.5,1.0,0.5,2.0,7,Balanced All-Rounder
virizion,grass,fighting,91,90,72,90,129,108,180,246.5,0.8457943925233645,0.0,2.0,0.5,2.0,0.5,1.0,2.0,1.0,0.25,2.0,0.25,0.5,0.25,4.0,1.0,0.5,2.0,0.5,0.5,7,Balanced All-Rounder
vivillon,bug,flying,80,52,50,90,50,89,142,140.0,0.6205607476635514,-0.2676056338028169,1.0,0.5,1.0,4.0,0.5,1.0,1.0,0.5,1.0,0.5,2.0,2.0,0.5,0.5,1.0,2.0,0.25,0.5,2,Generalist
volbeat,bug,,65,73,75,47,85,85,120,192.5,0.5841121495327103,0.2166666666666666,1.0,0.5,1.0,2.0,1.0,1.0,0.5,0.5,1.0,0.5,2.0,1.0,1.0,0.5,1.0,2.0,0.5,0.5,2,Generalist
volcanion,fire,water,80,110,120,130,90,70,240,250.0,0.3981308411214953,-0.0833333333333333,1.0,1.0,0.25,1.0,1.0,2.0,1.0,1.0,2.0,1.0,1.0,2.0,1.0,1.0,0.25,1.0,4.0,1.0,4,Balanced All-Rounder
volcarona,bug,fire,85,60,65,135,105,100,195,212.5,0.7700934579439253,-0.3846153846153846,1.0,0.25,0.5,4.0,1.0,2.0,0.5,0.5,1.0,0.5,2.0,2.0,0.5,0.5,0.5,2.0,1.0,0.5,6,Fast Attacker
wailord,water,,170,90,45,90,45,60,180,175.0,0.2775700934579439,0.0,1.0,2.0,0.5,0.5,1.0,1.0,1.0,1.0,2.0,1.0,1.0,1.0,2.0,1.0,0.5,1.0,2.0,1.0,4,Balanced All-Rounder
walking-wake,water,dragon,99,83,91,125,83,109,208,223.5,0.8551401869158879,-0.2019230769230769,1.0,2.0,0.5,0.5,1.0,1.0,1.0,1.0,2.0,1.0,1.0,1.0,2.0,1.0,1.0,1.0,1.0,1.0,0,Generalist
walrein,ice,water,110,80,90,95,90,65,175,235.0,0.3289719626168224,-0.0857142857142857,1.0,1.0,0.25,1.0,1.0,0.5,1.0,1.0,4.0,2.0,1.0,1.0,2.0,1.0,1.0,1.0,1.0,1.0,10,Balanced All-Rounder
watchog,normal,,60,85,69,60,69,77,145,168.0,0.4831775700934579,0.1724137931034483,1.0,1.0,1.0,1.0,1.0,1.0,1.0,1.0,1.0,1.0,1.0,1.0,0.5,1.0,1.0,1.0,0.5,1.0,3,Generalist
weavile,dark,ice,70,120,65,45,85,125,165,185.0,0.9532710280373832,0.4545454545454545,1.0,0.5,0.5,2.0,1.0,0.5,0.5,1.0,2.0,2.0,2.0,0.5,1.0,2.0,2.0,0.5,0.5,0.5,10,Balanced All-Rounder
weezing,poison,,65,90,120,85,70,60,175,222.5,0.2775700934579439,0.0285714285714285,1.0,1.0,1.0,2.0,1.0,1.0,1.0,0.5,0.5,1.0,1.0,1.0,0.5,0.5,1.0,1.0,1.0,2.0,3,Generalist
whimsicott,grass,fairy,60,67,85,77,75,116,144,190.0,0.9102803738317756,-0.0694444444444444,1.0,0.25,2.0,0.5,1.0,1.0,2.0,0.5,2.0,0.5,1.0,0.5,2.0,1.0,1.0,2.0,0.25,1.0,7,Balanced All-Rounder
whiscash,water,ground,110,78,73,76,71,60,154,199.0,0.2775700934579439,0.0129870129870129,1.0,4.0,0.5,0.25,2.0,1.0,1.0,2.0,2.0,1.0,1.0,1.0,4.0,1.0,0.5,1.0,4.0,1.0,4,Balanced All-Rounder
wigglytuff,normal,fairy,140,70,45,85,50,45,155,165.0,0.1457943925233644,-0.0967741935483871,1.0,0.5,1.0,1.0,1.0,1.0,2.0,1.0,1.0,1.0,1.0,1.0,0.5,1.0,2.0,2.0,0.25,1.0,1,Defensive Pivot
wo-chien,dark,grass,85,85,100,95,135,70,180,277.5,0.3981308411214953,-0.0555555555555555,1.0,0.5,2.0,0.5,1.0,1.0,0.5,0.5,2.0,0.5,2.0,0.25,2.0,2.0,0.5,0.5,0.5,0.5,7,Balanced All-Rounder
wobbuffet,psychic,,190,33,58,33,58,33,66,211.0,0.0682242990654205,0.0,1.0,1.0,1.0,1.0,1.0,1.0,2.0,2.0,1.0,1.0,0.5,1.0,1.0,1.0,1.0,1.0,0.5,1.0,11,Fast Attacker
wugtrio,water,,35,100,50,50,70,120,150,137.5,0.9271028037383178,0.3333333333333333,1.0,2.0,0.5,0.5,1.0,1.0,1.0,1.0,2.0,1.0,1.0,1.0,2.0,1.0,0.5,1.0,2.0,1.0,4,Balanced All-Rounder
wyrdeer,normal,psychic,103,105,72,105,75,65,210,198.5,0.3289719626168224,0.0,1.0,1.0,1.0,1.0,1.0,1.0,2.0,2.0,1.0,1.0,0.5,1.0,0.5,1.0,1.0,1.0,0.25,1.0,11,Fast Attacker
xatu,psychic,flying,65,75,70,95,70,95,170,172.5,0.702803738317757,-0.1176470588235294,1.0,1.0,1.0,2.0,0.5,1.0,4.0,2.0,1.0,1.0,0.5,2.0,0.5,1.0,1.0,1.0,0.25,1.0,11,Fast Attacker
xerneas,fairy,,126,131,95,131,98,99,262,256.0,0.7448598130841122,0.0,1.0,0.5,1.0,1.0,1.0,1.0,2.0,1.0,1.0,1.0,1.0,1.0,1.0,1.0,2.0,2.0,0.5,1.0,1,Defensive Pivot
xurkitree,electric,,83,89,71,173,71,83,262,183.5,0.5560747663551402,-0.3206106870229007,1.0,1.0,2.0,0.5,0.5,1.0,1.0,1.0,1.0,2.0,1.0,1.0,1.0,1.0,0.5,1.0,1.0,1.0,8,Speed Sweeper
yanmega,bug,flying,86,76,86,116,56,95,192,185.0,0.702803738317757,-0.2083333333333333,1.0,0.5,1.0,4.0,0.5,1.0,1.0,0.5,1.0,0.5,2.0,2.0,0.5,0.5,1.0,2.0,0.25,0.5,2,Generalist
yveltal,dark,flying,126,131,95,131,98,99,262,256.0,0.7448598130841122,0.0,1.0,1.0,1.0,2.0,0.5,1.0,1.0,1.0,1.0,1.0,2.0,1.0,0.5,2.0,1.0,0.5,0.5,0.5,3,Generalist
zacian,fairy,,92,120,115,80,115,138,200,276.0,0.985981308411215,0.2,1.0,0.5,1.0,1.0,1.0,1.0,2.0,1.0,1.0,1.0,1.0,1.0,1.0,1.0,2.0,2.0,0.5,1.0,1,Defensive Pivot
zamazenta,fighting,,92,120,115,80,115,138,200,276.0,0.985981308411215,0.2,2.0,1.0,1.0,1.0,1.0,2.0,1.0,0.5,1.0,0.5,0.5,0.5,2.0,1.0,1.0,2.0,1.0,0.5,2,Generalist
zangoose,normal,,73,115,60,60,60,90,175,156.5,0.6429906542056075,0.3142857142857143,1.0,1.0,1.0,1.0,1.0,1.0,1.0,1.0,1.0,1.0,1.0,1.0,0.5,1.0,1.0,1.0,0.5,1.0,3,Generalist
zapdos,electric,flying,90,90,85,125,90,100,215,220.0,0.7700934579439253,-0.1627906976744186,1.0,1.0,2.0,1.0,0.25,1.0,2.0,1.0,1.0,2.0,1.0,2.0,0.5,1.0,0.5,1.0,0.5,1.0,8,Speed Sweeper
zarude,dark,grass,105,120,105,70,95,105,190,252.5,0.8233644859813084,0.2631578947368421,1.0,0.5,2.0,0.5,1.0,1.0,0.5,0.5,2.0,0.5,2.0,0.25,2.0,2.0,0.5,0.5,0.5,0.5,7,Balanced All-Rounder
zebstrika,electric,,75,100,63,80,63,116,180,163.5,0.9102803738317756,0.1111111111111111,1.0,1.0,2.0,0.5,0.5,1.0,1.0,1.0,1.0,2.0,1.0,1.0,1.0,1.0,0.5,1.0,1.0,1.0,8,Speed Sweeper
zekrom,dragon,electric,100,150,120,120,100,90,270,270.0,0.6429906542056075,0.1111111111111111,1.0,1.0,2.0,0.5,0.5,1.0,1.0,1.0,1.0,2.0,1.0,1.0,1.0,1.0,1.0,1.0,0.5,1.0,8,Speed Sweeper
zeraora,electric,,88,112,75,102,80,143,214,199.0,0.9906542056074766,0.0467289719626168,1.0,1.0,2.0,0.5,0.5,1.0,1.0,1.0,1.0,2.0,1.0,1.0,1.0,1.0,0.5,1.0,1.0,1.0,8,Speed Sweeper
zoroark,dark,,60,105,60,120,60,105,225,150.0,0.8233644859813084,-0.0666666666666666,1.0,1.0,1.0,1.0,1.0,1.0,0.5,1.0,1.0,1.0,2.0,0.5,1.0,2.0,1.0,0.5,1.0,0.5,3,Generalist
